label,task_idx,J,phi,dphi,J_tilde,g_t,E,Q,dE,dQ,phase,distance,r_local,lag_local,phi_z,dphi_z,J_z,distance_z,phase_z,r_local_z,J_tilde_z,g_t_z
P1,2,-0.2441904871306162,-0.519348773439423,-2.370825673937298,-0.6807594157122263,0.7092894293666226,-6.210511495014797,-0.0001457985141157,1.1815163750316984,0.0005585178754580999,0.0004727127322644833,6.321653545129743,0.8013620280492286,0.0,-1.0187223438271205,-1.8184860653297605,-1.5678044505609448,-1.7166783232487886,-1.2233967659996887,-0.12623457134005883,-1.6904621712336674,1.0638107189835688
P1,7,0.144149269234859,0.04327769719847618,0.723447310192633,0.05531985005028276,0.7123999620058367,-9.023433909991104,-0.0008326698446346,-2.6693602576582904,7.837319463000012e-06,3.1415897175606675,9.409190143959137,0.8984271054160303,-1.0,0.0066009087199859805,0.8579652041239084,1.5396464330287807,0.5617775248574909,0.8166314232583699,1.4147585298295666,0.3268588101142981,1.0840180073910168
P1,12,-0.0407897333233179,0.9114616395910035,0.8623599966038205,0.35613969908377907,0.3041594872359533,-9.175428827950348,-0.0001009149331113,-1.8323317449050105,0.0005195635131205001,3.141309100406457,9.356601211452976,0.7035163624367999,-1.0,1.5887681725776792,0.9781204191922988,0.05978541573763108,0.5229693821913413,0.8164491737897578,-1.6796201944547264,1.1512947388081456,-1.5680785850925998
P1,15,-0.0140818409104904,-0.5561181988981052,-0.2879391792239375,-0.2391378420928518,0.5289384673467101,-7.923152105794483,-0.0047720281371163,1.1265312951020858,-0.0041426972870337005,-0.003677375525211366,7.998697814726234,0.8346100934263655,1.0,-1.0857304724401238,-0.016853102919683744,0.27349895527787105,-0.4790990423929868,-1.2260920801252515,0.401607581196339,-0.48014079999467674,-0.10782267208027545
P1,18,-0.0863929472960719,0.3190055112187445,-0.2693181171164399,0.18871640512494772,0.47289137024469735,-9.909459887432227,-0.0005978056268842,-2.2145587553425594,0.0007674923086751001,3.14124608690869,10.153483054586355,0.8086512780055557,-1.0,0.5090837349695788,-0.0007464550667627839,-0.3051263534833382,1.1110304585929445,0.8164082490768129,-0.01051134523110994,0.6924494223059008,-0.47192746920170997
P2,5,0.1602513165784356,0.48653054516623745,0.6118037558318611,0.919936446988407,0.5528908833806668,-8.570136017579753,-0.0070119284332139,1.434713753135643,-0.0020222698470909,-0.0014095275126559123,8.682816626294603,0.9377875196901511,-1.0,0.3041456998267981,0.6261048926814377,1.1861541208118371,1.0394360885039915,-0.35531009197403807,1.0201731313987024,1.9621654120707885,0.5337675225606282
P2,9,-0.1562603082683433,-0.24850232998141014,-0.8661584852159341,-0.009429523368130808,0.6271532543890622,-8.400464184465125,-0.0063749459065658,-0.2886955527405419,-0.0050213346223616,-3.124201224070055,8.39888118780767,0.8241431597341053,0.0,-1.051107213301418,-2.0297506824471916,-1.3368461702041077,0.7830170548579828,-1.9404850446067892,0.8679032215111995,-0.6561475540653614,1.6406267416485336
P2,10,0.1322155345661731,0.22642492135047096,0.4749272513318811,0.2317145581069216,0.560039946286481,-7.432594995403991,-0.0006387475927984,0.9678691890611342,0.0057361983137674,0.005926556211210213,7.493975818033062,0.602629740723106,0.0,-0.17543680092398842,0.3801417567608123,0.9626732732757005,-0.03419322961789166,-0.35158618807666664,0.5711016172369244,0.023230317916434907,0.6403222430427582
P2,12,-0.0745784463034408,0.31734813528842765,0.12606205383613037,-0.11696803048769563,0.5234626008734546,-7.500163953114042,-0.002449799627623,0.42496636645685637,-0.0024053757433217297,-0.005660095118992615,7.509884428765983,-0.9537379014758975,0.0,-0.007792665910784287,-0.24675895423473812,-0.6857378211570961,-0.01982633476135545,-0.35746774255043257,-1.5142456953893042,-0.9591169724980819,0.09514746030394691
P2,13,0.1497963322253485,-0.17944633797223483,-0.4967944732606625,0.4025461514858733,0.47551511970360677,-6.263274173202823,-0.0104839581880435,1.2368897799112188,-0.008034158560420501,-0.0064953609483262235,6.375517319054534,-0.7103098258626499,0.0,-0.9237818411939537,-1.3660141923269666,1.1028145955158064,-1.0442610429543993,-0.3578917357591085,-1.188081060804237,0.5045160441392395,-0.6194959162035195
P2,17,-0.1798474435862819,1.7051010681896022,0.6221549092111411,-0.11609796653224799,0.4847878476136942,-9.126159097172115,-0.0009297448206656,-2.8702840734755606,0.0031221618918875,3.140504900398619,9.566936506869114,0.7401494896753693,1.0,2.5509448662557213,0.6447056171437099,-1.5248656443709732,1.8378752217528465,1.239571840090452,0.7553617053645902,-0.9566657317505406,-0.4812885813984714
P2,20,0.0981493314261773,0.1461475817498939,0.7827708534107998,0.6355645958464843,0.5201718132168717,-7.299002609657456,-0.0030484452006956,-0.48341703931850866,0.0015797126975663,3.138324860057287,7.312056415217273,-0.9103731336842302,-1.0,-0.3234520830023731,0.9333278424008282,0.6911222979280335,-0.1984826811920394,1.2384652195788701,-1.4561420703041386,1.1610014693417576,0.04609921950191587
P2,21,-0.0628738453181043,0.40688881919624675,0.26074123744635286,0.24184161799446877,0.5405813242248116,-6.046333831007509,-0.0006145133804067,1.252668778649947,0.0024339318202888996,0.0019429946677752506,6.1736382498294065,0.4245072654094845,0.0,0.15730236155338018,-0.004744340660172116,-0.5924372616388633,-1.2265758540956833,-0.353608302452046,0.332438710644513,0.051761395078889695,0.35029709400366843
P2,27,0.0361768280905983,0.033678578752747615,0.854925720784083,-0.17788690244548047,0.3691071653017269,-6.228590369952456,-0.0003882898463586,-0.7443377346915474,0.0026569588373351,3.138023107899971,6.272838450239112,0.6327733321556941,-1.0,-0.5308223233033813,1.0629880606822804,0.19712260983966207,-1.1369892224934515,1.2383120457497583,0.6114904403417503,-1.1307443802331256,-2.205475783459459
P3,1,0.0399762095018734,0.376617248595955,0.2047598423261624,0.30004261112559305,0.707494440074175,-6.803946444092247,-0.0059392910103785,0.588101092253825,-0.0038104360900582004,-0.006479128878562239,6.823727757665795,-0.5504667567091824,0.0,0.2793943787988275,0.218655464220962,0.44319936780610497,-0.8124131236461839,-0.4724376029148668,-0.688845248257439,0.6440902054216376,1.7017771417615684
P3,2,-0.0284079502185403,-0.15053723387257018,-0.5271544824685253,-0.11007832355906857,0.5034290646243432,-7.834750498975875,-0.0019244981442447,-1.0308040548836281,0.004014792866133801,3.137697856565696,7.900886862053031,-0.1479813845011671,-1.0,-0.49163998255770436,-0.6528583903104487,-0.30136068419486545,0.27522272919379026,0.8295186805095937,-0.13240571561646614,-0.31492081525101845,0.1802472603373413
P3,5,0.0509087926753379,0.5952745004140706,0.6617557638670624,0.4294118663357575,0.6308156662428956,-9.3055884482937,-0.0010092295614366,-0.2435054865903279,0.0036081902558965998,3.126776042001955,9.307860098161594,-0.8039964090278329,-1.0,0.5992100307915453,0.7628151610529191,0.5622322656207396,1.695880577551749,0.8249961217721281,-1.0393522007782063,0.9466022963446596,1.1300532743583798
P3,6,-0.1301798134608689,-0.0751503017482622,-0.6704248021623328,-0.454920970007731,0.23228855364821288,-6.610962235785198,-0.0006553903529543,2.694626212508501,0.0003538392084823001,0.00013131290893186342,7.1382953295794715,-0.9956096307129773,-1.0,-0.38137645071234155,-0.8234549537693252,-1.4094427911878944,-0.49478598020875997,-0.4697003186394324,-1.3042591486689938,-1.1212875972746428,-1.8414008933752348
P3,11,0.1712518126761078,-0.2450867650124917,0.1364434307573195,0.1955293242643872,0.46482271968191646,-6.603724530073302,-0.0039221065598929,0.9023523610662716,-0.0036703742198599,-0.004067539617822074,6.661701676468922,-0.9417201148137758,0.0,-0.6299313938678257,0.13730892247809065,1.8725153135672854,-0.9760151154848266,-0.47143900016266965,-1.229756423571938,0.3997003549408651,-0.1076051365378673
P3,13,-0.1306785017107271,-0.9860771244431844,-1.8988298673113817,-0.8406342533742998,0.5377618679306853,-7.153698174061557,-0.0013459690173715,-2.2552400552155722,0.0046327504020623,3.1395384403919864,7.500877759473922,0.40753733487954685,0.0,-1.71372949775496,-2.286156252250219,-1.4148724601458043,-0.12867697295362537,0.8302808385207052,0.6356037523792017,-2.0232247048080336,0.43623574455965564
P3,16,0.07904037215058,0.3313409490425841,0.3543574432841408,0.37090354163632755,0.39216434051228444,-8.93579718843921,-0.004114631655002,-0.6673043088330317,-0.0010631667410907,-3.1399994286885766,8.95649655582914,0.3960311142418912,1.0,0.2131716985946338,0.39678612435814686,0.8685261553547258,1.3410995758732365,-1.7699811134940922,0.6196963021308682,0.8097886800609894,-0.6493525780073061
P3,17,-0.1184950182559681,0.346740747654603,0.0153997986120189,0.4870580381103732,0.4510877610094263,-9.056599061099783,-0.0002347313473508,-0.1208018726605733,0.0038799003076512,3.109485808448841,9.057222555382126,-0.5599602669702829,0.0,0.23569597616927462,-0.006821611443382818,-1.2822198822430244,1.4428052644579246,0.8178364967508375,-0.7019701088798987,1.081399887386805,-0.2100142296740925
P3,19,0.0575452168132074,4.868765531267678e-05,0.16426768869815753,0.15090394116266076,0.5648047529622106,-7.320436563058736,-0.0009486100213371,-0.3086170462303093,0.0100117592528198,3.1091633063944326,7.326419876743566,0.8142743099329915,-1.0,-0.2713878103844964,0.1704401585613552,0.63448900345878,-0.3048316814783498,0.8177029535126233,1.197921162984552,0.295350075360037,0.6378699393106477
P3,21,-0.0200892232905345,1.9305664468291999,1.6619680530081662,-0.5466964191763523,0.27692229266580115,-6.373140604231271,-0.0031601525902136,-0.18484193081659228,-0.0021448993503655,-3.1299892090845485,6.372599874430826,0.9393265601743837,1.0,2.552254171301498,1.9538000043999504,-0.2107871978872033,-1.2679288018999382,-1.7658360324848936,1.3708069881222151,-1.335891777984325,-1.5086077015598667
P3,26,0.0211040290106788,-0.08218190758442667,0.12987306113883615,0.289053373930168,0.5102087461944808,-6.855280394085927,-0.0030609065331523,-0.42276166357290634,0.0021159250577750996,3.136587688446744,6.865379295488243,0.868262741718602,0.0,-0.3916611203784515,0.12948537270195154,0.23772090985115585,-0.770356471405023,0.8290589766300673,1.272560640156105,0.6183933958030268,0.2307971788267784
P4,3,-0.0802217177760503,-0.22021045028306077,-0.8174480130790993,-0.19009429964398716,0.7010679374551305,-6.641527749714132,-0.0160028144527858,2.681902585617652,0.0148057218432413,0.005520547805774086,7.142197585374208,0.6124403827705154,0.0,-0.6125887848795436,-1.0804235328371479,-0.9185796323748661,-0.7684860404453545,0.44614063534005943,0.73567951806734,-0.9922648168966858,1.8186055486151163
P4,5,0.0385879186713413,-0.11067512374350515,0.5012394048316811,0.36818996642531504,0.4502898289204739,-9.004770019210701,-0.0205665497860154,-3.89561351365505,-0.012379313554087099,-3.138414907172804,9.787513465270754,-0.412604178240312,1.0,-0.444188474989947,0.31725596202969447,0.07946554269303989,1.4410512394148305,-1.1803354980387875,-0.9260569788375921,0.1739126060672028,0.15585849646471775
P4,7,0.0231964931641496,0.18050578887999322,-0.8517926753054539,-0.0628753996340857,0.6018932923293038,-6.068454947144666,-0.0344502019491595,1.7879513679987769,-0.019130161643141,-0.01069907830547813,6.298790115555119,-0.5366370554156488,0.0,0.0034749178975070263,-1.116825510667463,-0.04982816128754345,-1.4729539872943758,0.43774961232446136,-1.1271311239607393,-0.7265224021759547,1.1610427741186278
P4,11,0.1052393430231758,0.5661013385983379,0.8774866043122651,1.0242228943020677,0.4868473261783656,-8.341069948545757,-0.0301386904866477,-2.6029423809700685,-0.010681113991012802,-3.1374891996991834,8.705825454973457,-0.7626931786895887,1.0,0.5962919762478041,0.7160411392995562,0.6393623193758574,0.5375561210839582,-1.1798565947235333,-1.4935988119827226,1.5442732551272949,0.3982475596677976
P4,12,-0.0738563430614852,1.0849321350458936,0.5188307964475557,-0.5509735970627915,0.2063544715266913,-6.717024620539514,-0.027524614376583,1.6240453280062424,0.0026140761100647003,0.0016096064607560112,6.883200537328508,0.20838761075765622,0.0,1.3939457529997534,0.3359011140298814,-0.8651081151534158,-0.9848169661316636,0.44411735819337267,0.08065507964950268,-1.7460909851101352,-1.4615187091924227
P4,16,0.0369215409964274,0.07329442514721797,0.4614613459298984,0.4850535312903532,0.44910839415198417,-7.85198065179297,-0.0335223653300208,2.4282191995031583,-0.0239135002367367,-0.009847845364378806,8.193976126051066,0.35756788116403226,-1.0,-0.16135251674537737,0.2750951159356972,0.06546734988630476,0.11002677288011672,0.4381899871611812,0.3224965657483722,0.4180241800368801,0.1480251684677373
P4,17,0.0328687787369729,0.2952203700765503,0.22192594492933232,0.24131542180836027,0.5471229697255644,-9.725881300343652,-0.0294127400142894,-1.8739006485506815,0.0041096253157314015,3.139399571085477,9.876660626456879,0.493012707187373,1.0,0.1798378469419496,0.021211053855528635,0.0314226381971405,1.5155126591384178,2.0674141981256473,0.5420710303921067,-0.09111049860103898,0.7978962738645653
P4,19,0.1468679976116587,-0.804604549721734,-0.9357556443055923,-0.256616843189233,0.24898797379173418,-7.710756143806987,-0.0151256003416671,-0.4607438922884386,-0.0048455034835173,-3.131076345207938,7.709122699920611,-0.7249237466380917,-1.0,-1.511040001963244,-1.205818033463774,0.9890585148944824,-0.29495386797441625,-1.1765389837463975,-1.4323694312371174,-1.1312210675300645,-1.1788435960086465
P4,20,0.0550060311040734,0.14513896977752674,0.9497435194992607,0.73141958840137,0.397990358829606,-7.235226398337638,-0.0237629310173377,0.47552974546934834,-0.008637330675670598,-0.018161599943359773,7.227698326446543,0.8587902432857344,-1.0,-0.05089825544135998,0.7926263916857507,0.21738379904984922,-0.6970703443877688,0.4338889690279785,1.135046111283432,0.9326482721868014,-0.19090538269023227
P4,22,0.2551147862818764,-0.7129667165008975,-0.8815724327809025,0.46318432830261563,0.22108526682212432,-9.508848739296903,-0.0340519165932441,-1.4013283806234949,-0.010424849542222201,-3.1341535284140636,9.576345203901628,0.7709359290762448,0.0,-1.3701554124931312,-1.1483891366035361,1.8983718364342175,1.2646699802373478,-1.1781309264292135,0.9926223319810994,0.3723424864400411,-1.3638483559210275
P4,23,-0.2193151319961446,1.463964775273433,2.1769314917743303,0.881434795352783,0.38386525668165977,-6.770039993200121,-0.012469794577733,2.7388087460967823,0.0215821220155111,0.007879949755701846,7.283410980847197,0.8807128954640157,0.0,1.9766729524255886,2.0933254367358125,-2.0870160917150673,-0.6505355665210792,0.44736124276523037,1.1705857088963183,1.2460089704556592,-0.28455977738623134
P5,12,0.3015852168278397,1.1259805288730016,1.563993587536816,1.0429150383618047,0.36706224091186496,-8.140712661622407,-0.0046281578982619,-2.134758634919722,-0.0027534011208412996,-3.1403028592547444,8.410785775935919,-0.8884078477611879,-1.0,0.6069361091014494,1.1156577892177775,1.593965216770732,0.2924039528998565,-0.89550201766797,-0.7663617646214147,1.1326971708261446,-0.7240745662274576
P5,15,-0.0208435386907951,-0.2630893583845108,-1.0899643652077804,-1.0782742947311315,0.6208868007261185,-10.46114591689676,-0.0015337840001221,-1.6809187498603269,-0.0007771417791018001,-3.1411303220679425,10.593694435551948,-0.6444279022774972,1.0,-1.0358342920497001,-1.7198584718665797,-0.31629692981017293,2.007169278298206,-0.8958558484423965,-0.26037072495579566,-2.002672273091776,1.1257528018656056
P5,17,0.1768436935173115,-0.023393615073136025,0.8906136993619459,0.7928349554960036,0.5452342850713306,-7.66277140745296,-0.0081887672815881,-0.5926922317811805,-0.0061132206654233995,-3.131278693720169,7.677024835930548,-0.7653156046574934,1.0,-0.752360381913131,0.3962117178011518,0.8549213008406914,-0.2839957106913031,-0.8916432007776868,-0.5110802416284728,0.7630491445433629,0.5744109851961501
P5,22,-0.2316497587375081,2.2231723023736394,1.1498631844305782,0.10917070223980652,0.2178214184489036,-6.7949659404756675,-0.000641643936922,1.0584585398995303,0.0005655304582077002,0.0005342962270840793,6.8761893710078645,0.5440924369509045,0.0,1.9045196118667354,0.673196562202941,-1.565239945985313,-0.9130851966619329,0.4475490842611639,2.2045066276383904,-0.24748771613041637,-1.8117146197775524
P5,26,-0.031090661541008,0.4997027688581199,0.9895400041820741,0.3957832883695876,0.4755252605238346,-7.851819103885741,-0.0002485751176302,-0.662015781189786,0.0024218780383350002,3.137934331080149,7.879634329790977,-0.6659610850935931,-1.0,-0.13372537704086818,0.5019056100786742,-0.3770070574184861,-0.12483754658860294,1.7891304415268834,-0.3050284837680031,0.17615968336093146,0.06638425403430527
P5,27,0.0004160056687455,0.1142853351385026,-0.3854174337196173,0.3972001618913786,0.5719679578348718,-6.6977323543973375,-0.0029450067285511,1.1540867494884033,-0.0026964316109209002,-0.00233641596322972,6.793991827974208,-0.6932704122186596,-1.0,-0.589535669964485,-0.9671132074339646,-0.19034258439745158,-0.9776547772562235,0.446321541100006,-0.3616654126647046,0.17825399049175333,0.7692411449089512
P6,9,0.1051427238717531,-0.27085275782825324,0.37982656937602954,0.2962054018037585,0.3725377717602492,-6.591647047412384,-0.0020509049676521,1.0814169124170512,-0.0016888033782924,-0.001561656735743951,6.678015821493015,0.8381119794519846,1.0,-0.3898444571063917,-0.31333103312338884,0.9923528606098873,-0.6692502478341645,-0.9998839281810871,-0.652580352337121,0.2894963656502818,0.8139017940036636
P6,10,-0.0465485477365889,0.7263365216159212,0.9971892794441745,-0.30008194185629605,0.39882663922438094,-10.158507054106863,-0.0017648076456758,-3.566860006694479,0.00028609732197630014,3.1415124437355164,10.764940519503543,0.7908053669863682,1.0,0.9261187638426284,0.39559603872223914,-0.9463571518315836,1.6283281804377774,1.0006840226452005,-1.2592331770821727,-1.6978183285096748,1.0526072035762972
P6,25,0.106227875853588,-1.0826446968997046,-0.5742982729812282,0.37718501091753687,0.12574026978041328,-7.802332748282659,-0.0003621015893597,-0.8696214332618917,0.0019391821330971,3.1393627419929455,7.85050086798107,0.9414196086997306,1.0,-1.4611439153961694,-1.4089672282425272,1.0062217865533385,-0.01010515724961544,0.9993157366065806,0.6722210196996343,0.5593863252984765,-1.4270429280152064
P6,26,-0.0548314214079315,0.7253899570488295,1.8080346539485341,0.46406334517176406,0.23450310506315408,-5.875153582841925,-0.0040738479615575,1.9271791654407338,-0.0037117463721977996,-0.0019259972550690165,6.180446340406548,0.9856630740024701,1.0,0.9248696086599327,1.3267022226436769,-1.052217495331642,-0.9489727753539965,-1.0001158310706943,1.2395925097196578,0.8489356375609165,-0.4394660695647537
P7,3,0.2025080302883367,0.6656768550778863,1.0072664640014586,1.0305098378242152,0.5403603485565668,-8.150818823703682,-0.0372681579707608,0.0983879367362892,0.04916684843402949,0.463427070385431,8.113699964932692,-0.6500205692004954,1.0,0.2949231422012398,0.8958588106243208,1.5347060383848727,-0.26559221413033685,0.6297974752502544,-1.0331275637103172,2.2367405811863064,0.4227069274428012
P7,5,-0.0053498705525935,0.05684807227363203,-0.8782072611276162,0.16860309983880903,0.5659435293964306,-8.938423350838466,-0.0862582493567276,0.6537497778081267,-0.0361790914757196,-0.05528449298369561,8.87901057711739,-0.9621527940421216,1.0,-0.7929500781797435,-1.3032446472104362,-0.17297005365314286,0.5292505314121106,0.3447214996251747,-1.445017900318566,-0.008360813900197191,0.5957785115113391
P7,8,0.0805277630584311,0.2799236692515272,0.3851665368580534,0.20767997314929929,0.5585510803166005,-7.827564928836857,-0.0226154158748772,0.36347870456998344,0.016919493453347104,0.046515211965066874,7.812639770698201,-0.9717714974462738,-1.0,-0.39435202413410064,0.1702787706234141,0.5325657049831212,-0.5782698479550916,0.4006690671290092,-1.4577107614445883,0.09342693054888462,0.5457681988609828
P7,11,-0.0880653509863791,0.38703479127771045,0.602013504000632,0.07784778897349436,0.5336831181592111,-8.72766227329914,-0.0425484526642884,-2.357873858054514,-0.016023153111478502,-3.1347971643343655,8.995302485276675,0.7486969484157348,0.0,-0.20296271313513606,0.42319606610658467,-0.8525268460904479,0.6500299614814649,-1.3477317657946253,0.8126229974280655,-0.24476095565042594,0.3775351073593415
P7,13,0.0709656030521138,0.23674692868661198,0.3536269813516673,0.6684960802603543,0.5350201401955013,-9.410178987353492,-0.0375735023702266,-0.664701195662694,0.000880236828834001,3.1402683949303656,9.396208395965676,0.858737516167214,0.0,-0.4715014972381182,0.1334929248976049,0.45400688203259754,1.0664062009884347,2.100948700859499,0.9578327607414082,1.2937643213106202,0.3865801328080422
P7,14,-0.104559406745596,1.122075298911774,0.885328370225162,0.29118094360440894,0.35768475358123897,-9.23077868172373,-0.0399742047995381,0.17940030562976084,-0.0024007024293115006,-0.01338102037165219,9.192602381240095,0.7237674688519491,0.0,1.1104293385140256,0.7536375321777725,-0.9880353091645167,0.854943350249367,0.3677510100131208,0.7797260040650568,0.3109309098054174,-0.8131032241931739
P7,18,0.12665285655166,-0.07802741174474483,0.2550274280762859,0.11050119705841911,0.6161303541551796,-7.712263048324805,-0.0445177030179872,1.486006825358845,-0.0183259578105568,-0.012331725895654518,7.813919362457778,0.8146693685247204,-1.0,-1.0339495698162782,0.018492320190684416,0.9115107394645573,-0.5769408787611952,0.3683276862771319,0.8996803409604051,-0.15970510353219505,0.9352950600881447
P7,19,-0.0806456605986674,0.11299942157161538,0.19102683331636022,-0.17746966094133693,0.6474019879978755,-6.598739334095088,-0.014820777940971,1.113523714229717,0.0296969250770162,0.026663004142980038,6.672530559162361,-0.8861605747359513,1.0,-0.6926171916362137,-0.056154134630847855,-0.7915696833645721,-1.7623740815661653,0.3897585960447818,-1.3447384088129775,-0.9098138409933665,1.1468493323830633
P7,21,0.0889497529979878,0.11962654785843592,0.38955497480355905,0.41630649568101546,0.528818034292047,-8.928521331182122,-0.0226233284402797,-1.0177917867472646,-0.0067455586698567,-3.134965109535437,8.963104022075763,-0.5946107627395463,1.0,-0.6807756469866519,0.1753971814142057,0.6017573537440309,0.6165890102057447,-1.3478240659194498,-0.9600086672356631,0.6368589239949466,0.3446225552890234
P7,23,-0.0636509985751779,1.6050992052956201,0.4804200464326298,0.1057214798106267,0.18719984450719,-8.035228989104809,-0.0266664528462673,-1.396973098572663,-0.0036761889925546985,-3.1389611208061767,8.128859094326172,0.6667246162687372,0.0,1.9735106963606401,0.28137675066129936,-0.6519484425439552,-0.24984811776565888,-1.350020212857482,0.7044521365125627,-0.17215534830719237,-1.9664427349411822
P7,24,0.0684397617203482,-0.270541700134479,-1.875640905430099,-0.47964490674079097,0.5811297696545431,-9.882647147407395,-0.1349728571035724,-1.8474181583025864,-0.1083064042573051,-3.083033860894436,9.90159905080531,0.7380219645634059,0.0,-1.3779397765789372,-2.466591421505132,0.4332555955186512,1.5912990866593881,-1.3192834425417774,0.7985362664138156,-1.6969222786077018,0.6985142375326127
P7,26,-0.2472718831943259,1.3348225325709822,1.7126666892301827,0.18342767925550338,0.17695537521620913,-8.347880882017028,-0.0209637411813114,1.0784551545578829,0.0271348016540018,0.025155499207810263,8.39302231349194,0.7158456739740902,1.0,1.4905723684508998,1.7185953217638272,-2.160503053142835,0.024508744729248633,0.3889300942906242,0.7692723869787773,0.03025436621521188,-2.03574711656713
P7,27,0.1556514096309406,0.935814444619321,-0.3990080879516612,-0.36959279986529764,0.38351547903844024,-6.201750535529935,-0.0254531636865024,2.1461303464870936,-0.004489422505191,-0.0020918654657274744,6.540016407947347,0.5257944606245365,0.0,0.7776129521783761,-0.7443354751132976,1.1497510738316388,-1.9000017455473222,0.3739553576237388,0.5184804084220209,-1.4102576920703096,-0.6383569875738679
P8,3,0.0315185823513137,0.06039950025536055,0.16982023344144498,0.13517346085957455,0.768192746941237,-6.727896235487887,0.2436804283139614,1.4724654009099813,0.26115943102244277,0.17553657173321136,7.07602595613892,-0.575328844880791,1.0,-0.14905151060785155,0.3737871954297438,0.39188279063168263,-0.8001448683451862,0.06956808406813932,-0.43643389899204565,0.16297043890940366,1.833077973370196
P8,6,-0.1093601778819403,0.1488256983443382,-0.06045657571748375,0.14618165720555668,0.6001629411877867,-8.113979216284848,-0.035542095799277,1.690500936952695,-0.0170285907627624,-0.01007276273948991,8.25692457260325,-0.5507028415936338,0.0,0.009689027476209802,-0.016908299716313732,-0.9337780081111433,0.07188928099022643,-0.03268415394962584,-0.39884769921316027,0.1937596351718678,0.6683019179467378
P8,8,0.0950346746342536,0.2561094957988596,0.4805998549701924,0.3416814869325271,0.6634722666339667,-8.871998314667257,-0.0236270670510219,-2.213685483991644,0.025473664812673897,3.130085806440429,9.127294639120388,0.7875529698386688,1.0,0.20228226459012127,0.9010665100856913,0.9895654611024709,0.7146137367396457,1.6972301434185078,1.6437066567338763,0.7405597137277874,1.1071596910308883
P8,10,-0.1264963232941444,0.4334628161396828,-0.47981950559301806,-0.2068138948995757,0.4091493206653007,-6.881820889897285,-0.0150625781056076,0.13975802006999327,0.0040540521508159,0.028999521005347723,6.868099102333127,0.789185614997266,0.0,0.5206625875071875,-0.7284137619122252,-1.0950281225847762,-0.9536883771227664,-0.011159221118392624,1.6461985319433248,-0.7935455501602121,-0.6557970444170633
P8,14,0.0869367326260373,-0.14501967906251265,0.45310937814691565,0.531050257328096,0.44439316535051565,-10.170812165919878,-0.0149042610831543,-3.3786473312659098,0.0069859464285135005,3.1395249810013404,10.705371458410816,-0.4493436978443068,0.0,-0.51781497395266,0.8544252286926584,0.9133643059176092,1.8799439839848202,1.7024301875145418,-0.24414516864191702,1.2702116253071765,-0.41148808859623714
P8,15,-0.0028567440790028,0.16058893322309123,0.3056086122856039,-0.15015159593814792,0.6324276177604906,-7.872993307923783,-0.0196170372594944,2.297818857996096,-0.004712776176340099,-0.002050975233248574,8.18395813619533,-0.5636227411597503,1.0,0.03080609769541685,0.6041703942475831,0.06841300272889214,0.01800724284073094,-0.028264948807026923,-0.4185670958425127,-0.6350648519082617,0.8919593966860183
P8,16,0.0590449542474226,-0.5861161633142814,-0.7467050965373726,-0.4321283456841764,0.5910066832616202,-6.6567956247023625,-0.0503245839479667,1.21619768322142,-0.0307075466884723,-0.025243448682318197,6.723111799211962,-0.6078131540162579,1.0,-1.3096605442739904,-1.1812209659124713,0.6509043215840419,-1.0607541978282307,-0.041041689384606846,-0.4860140813142612,-1.4237351496133879,0.6048310953634594
P8,19,-0.1097076027293648,0.4856051429019989,-0.49881517259331615,0.24742781014859552,0.3604251845862669,-7.056456651705714,-0.0260253071814567,1.9073079197828324,0.0223089986834457,0.011696056609030833,7.278748918778214,-0.8358140630454779,-1.0,0.614267211318745,-0.7606424589808432,-0.9370472553701149,-0.6504441710870221,-0.020691704842934745,-0.8340075261542917,0.476938420851909,-0.9935508540556099
P8,20,0.0981935065040311,-0.7664008930909547,-1.2520060359929537,-0.6955451850185905,0.481434238883716,-7.809003610558449,-0.0292948271213775,-0.7525469588527347,-0.0032695199399207994,-3.1372480750484697,7.815707609394792,-0.7396279840204872,-1.0,-1.6333032613824625,-2.038531788740987,1.019289882105681,-0.25392722333918083,-1.755445971214404,-0.6872005457432083,-2.160494606857759,-0.1547208125454794
P8,22,-0.2084593917649033,1.3616410405495603,0.9295732338278171,0.4112315469147148,0.24488157095880334,-5.866111218216338,-0.0129295087129131,3.5731294844356176,0.009540592548184599,0.0026700879206669964,6.8526565589447825,-0.9504135080435271,-1.0,2.1869053296465046,1.6628100708066287,-1.8662957475728008,-0.9650919176125919,-0.025664113699878387,-1.0089184763405292,0.935086626180554,-1.7944946741528705
P8,24,0.1335365104300883,-0.38013610891629573,-0.24025862706695758,0.40578693021105483,0.36224598976476224,-8.222117812669127,-0.0134568147085711,0.0765303053383306,0.0339998757926903,0.4180759986696572,8.208771175814084,0.8913937717664066,1.0,-0.9398902117666585,-0.3219665977569862,1.3518654579910254,0.03633042282814693,0.20318312709522018,1.8021968949160128,0.9198583937804241,-0.9809291036227473
P8,26,-0.0689091350590807,0.6921814843848584,0.33346027370602277,0.18897697474850167,0.48725817755098805,-10.40585120695401,-0.0863869854357738,-3.2491182915335557,-0.002239182210946808,-3.1409034875898105,10.818205293381641,-0.6680599321890686,-1.0,0.9851079837494376,0.6514244737575214,-0.553136088422568,1.963266087951404,-1.7574597390795395,-0.5779675913512877,0.31345530461049753,-0.11434949700728958
P9,4,0.0930672599530528,1.637888770067629,1.5495511662624606,-0.3070999320587081,0.20860269050078273,-6.230300736267102,-0.0321223525772864,1.0745803715996685,0.034497393842914996,0.03209210864658039,6.2848379355922175,-0.994156703809943,1.0,1.8203683952040746,1.1991849696070562,0.5152715051887177,-0.81559280670997,0.12610952726080646,-0.7172176766449173,-0.7251385223329325,-1.2012740652406344
P9,5,-0.0522747893519793,-0.24447711263388688,-1.882365882701516,-0.42467934980065947,0.43870634216762777,-7.28291304275371,-0.0396953121121589,-1.0526123064866075,-0.007572959534872498,-3.134398334434077,7.31821770174661,-0.9448310779528895,1.0,-0.5067066571786695,-2.0400412010743976,-0.8945029809914117,0.05190878963055627,-1.5156946659310346,-0.647236844704841,-0.9856782205571625,1.2698743236094594
P9,14,0.1367895650664051,-0.22340575374101496,0.6383345322348668,0.6491745011610586,0.3812337168741988,-6.982098086326924,-0.0474566905012614,0.004067038701724535,0.011813038660895794,1.2392228735229176,6.934645721968374,0.881207173800564,-1.0,-0.48065718717391537,0.33913015884364256,0.9393648114309119,-0.2700921974870892,0.7519987845095017,1.9434586364318747,1.3938331228356322,0.6526594972994872
P9,15,-0.0746872571316712,0.6274273011412576,0.8508330548822725,-0.06594021692495496,0.4040378459198415,-5.9839023013673005,-0.0218735424060605,0.9981957849596235,0.025583148095200903,0.025623779547148007,6.040841188449607,0.5555665063351454,-1.0,0.5711852808363767,0.5396975868933428,-1.1118972271798055,-1.0204231842543332,0.1227557417278045,1.4814552775937437,-0.1907620080463551,0.8975595079775408
P9,20,0.1350112919257332,-0.9551939653925103,0.054004610486957594,0.5079832842388425,0.1758035935313434,-6.40459020124869,-0.0399606250085836,0.6828757703595807,-0.012962480861756998,-0.01897991532926565,6.4025542180143304,-0.922074351134249,-1.0,-1.3853304532012347,-0.21239155564810572,0.9221160928724081,-0.7167723476095563,0.09962902317415559,-0.6149506922773645,1.080972949216138,-1.5535128717291038
P9,22,-0.0537601621521562,0.9122019889729666,0.9584083528981855,-0.46643148528985007,0.24961125074306087,-9.452388005238296,-0.0320992450455585,-2.391401052987499,0.015946894928513,3.1349243205891537,9.723022393666954,-0.7665807446409068,0.0,0.9232380234478067,0.6412328850023676,-0.9089106536929332,2.070694116627563,1.7349073518270721,-0.3943438220208798,-1.0781951677361727,-0.7608715038832425
P9,25,0.1938505516465763,-0.6792316481521811,-0.8637170769360003,-0.3244678252004869,0.30729638435821893,-8.64731704121289,-0.0637905577027579,-0.1903619629077049,-0.029596164181404608,-2.987354387755478,8.585031889000758,-0.9058293631325711,1.0,-1.044172004809651,-1.0785861824092007,1.4928393456186375,1.1153739025575005,-1.4394533594815104,-0.5919030825317012,-0.7636233670859545,-0.14137449042389633
P9,26,-0.0584376504021008,0.2479647073151965,0.9271963554673776,0.5926538601507815,0.3983931579269065,-6.419107663701457,-0.0196170372594944,2.2282093775114333,0.0441735204432635,0.019822075637307857,6.7619148843266315,-0.8123378412560716,1.0,0.10207460287521272,0.6117733387852946,-0.954280893246525,-0.41509627275467104,0.11974759691320466,-0.4592617958459149,1.2685912137068072,0.8369396023903901
P10,18,0.1820136123950056,-0.40100235755059593,-0.13600312586427354,0.34152235613195525,0.3903751861675301,-7.21329392896286,-0.0479536056040043,1.6558081714696682,0.0747434015612722,0.04510951106394171,7.337701803439404,-0.4687293517839812,1.0,-1.33991686757287,0.04842212533726621,1.3570130330975692,-0.2959197212425779,0.251972200693395,1.1563195841932645,0.8100590079226139,-0.6986382175576064
P10,19,-0.1203701508263725,1.1481127436923584,1.5491151012429543,0.10695435536189409,0.47363466818704497,-9.184951280863284,-0.0483003384243863,-1.9716573519004248,-0.0003467328203820008,-3.141416795032791,9.346895527439436,-0.7756706999107161,-1.0,1.1076967997441585,1.9057781395200728,-0.6643487066511036,1.0132453018320522,-1.2466565405919947,-1.0132362074603267,-0.04531727032580183,0.17170459115539463
P10,20,0.027050415660902,-0.24550127260452073,-1.393614016296879,0.24959330595772428,0.4617430546549129,-6.751552846338733,-0.0387717641349623,2.433398434524552,0.009528574289424004,0.003915727672824225,7.136986405826278,-0.7243938711336007,-1.0,-1.094223968129017,-1.337730557170132,0.32112184102274904,-0.42670331617860197,0.2325986943036632,-0.6507958209501112,0.4748302958101392,0.047397064004799073
P10,22,0.082660375727485,0.9983086233129618,0.008498875886494561,0.44591955014049106,0.5031876010036013,-6.352313573984536,-0.0827191924056007,1.1159198988016508,0.004423318044672803,0.003963810380398388,6.367357250740735,-0.5712745627669529,0.0,0.8710051477379134,0.20769383559226734,0.6928608670538775,-0.9281838645900983,0.23262130768281267,0.43149851413467627,1.1907540855864072,0.4806325586298924
P10,23,-0.0116299798278645,0.1623887469497314,-0.8359198763632304,-0.04646431710430069,0.6121357499309846,-9.78914239701414,-0.04019407555453,-3.4368288230296047,0.0425251168510707,3.1292199259849682,10.351226845811725,-0.45297597733256406,-1.0,-0.44975462829613316,-0.7230338859113753,0.06255282697784399,1.6676547885259347,1.7024345741736258,1.267669276855225,-0.6047741981127562,1.6195087039236635
P10,26,-0.2856493502063494,1.0199467270170368,-0.2716865559707362,-0.3812355716925874,0.3021772358747952,-6.242023045296131,-0.0314416151062796,-0.08098190066160349,-0.012807597500180304,-2.984737998824217,6.210955597702383,-0.8008845354308624,-1.0,0.9051935165159484,-0.10112965736809931,-1.7691998615009359,-1.0300931883467064,-1.1729702362615018,-1.1914553467727262,-1.8255519208806021,-1.620604700156146
P11,1,0.1019585256185052,1.4647336076655146,0.9129182812116491,-0.10152840688855318,0.25987678487615046,-6.945914204392407,-0.0336213625695785,2.442453875790859,0.0472445215213711,0.01934064387983558,7.315519132768034,0.8877356597185364,0.0,1.7007284853413476,1.6812812232053707,0.5629756181906135,-0.41254727424655496,0.004094984648628011,0.7820142493210673,-0.3464212132752068,-1.2320166403723154
P11,3,-0.1789901986121326,-0.32783594112551145,-0.9463747987018969,0.019781272425008316,0.43522831838585746,-6.922136809638038,-0.018091435297832,0.28068203647331025,0.036182242299497805,0.1282012911948208,6.90837337441307,0.46722057034722836,1.0,-0.9978925328390493,-1.0923653508523052,-1.254263357084249,-0.7867634856758491,0.05929943320981123,0.09404854110126439,-0.0745999623508205,0.07483085880090103
P11,5,0.1869345805379653,0.1850307675809923,-0.22443865934567514,-0.10158515871013306,0.5334362328050963,-9.489639628999411,-0.037429387227848,-2.875698076980946,0.010754467715954404,3.1378528946542525,9.883111187649284,0.7048949297504011,1.0,-0.22579814990488864,-0.01539920643632247,1.1126196836250286,1.9473804704407154,1.5855273330818336,0.48288550111844336,-0.346548378322723,0.8067478531321474
P11,6,-0.1273259953003012,-0.5541698397823083,-0.7392006073633006,-0.32472152966541196,0.5013027929764553,-7.342024488448881,-0.038922460106447,2.1476151405505304,-0.0014930728785990041,-0.0006952235574500555,7.612750183042126,0.39775132410164626,0.0,-1.3386265458952695,-0.7833081117073145,-0.9200877734723755,-0.1393559778368116,-0.006065427222890089,-0.019603644993389173,-0.8465349236915825,0.5672660268864254
P11,12,0.1984372940209774,-0.2692175382860453,0.5221961639116675,0.9497828858103506,0.3228427614842585,-6.9299473499709405,-0.0101673698970162,-0.6780692359103675,0.0178280752268935,3.1153062983661997,6.95468389218949,-0.8760560093188886,1.0,-0.909645550142374,1.098411812370987,1.187021798530485,-0.7441985168508232,1.574093702603667,-2.103561596615065,2.009274987633,-0.7627482660598087
P11,14,-0.1402673577540788,0.6341037203898959,-0.7811557743392715,-0.11888247013781127,0.40378027512084513,-6.35419190932757,-0.0487087538245667,1.6123877131304818,-0.0172785901570243,-0.010715740799263324,6.5126745722784944,-0.6589790301806422,-1.0,0.45025802318126873,-0.8458957727942534,-1.003795390613421,-1.1504585594012946,-0.011146943292067299,-1.748422098733235,-0.3853068422516153,-0.15954289244147066
P11,19,0.1997214099399834,0.38939408986621205,0.7220639770571358,0.8739775335205658,0.5028028070085911,-8.243962703996823,-0.0629012334070629,-0.45390778370305007,-0.027359137607785897,-3.08139082759752,8.192173736747408,0.7078248352804214,0.0,0.0818602933817439,1.3965695806025047,1.195327746539962,0.3932043709595757,-1.5683205322637968,0.4876788476211599,1.8394162772417872,0.5784452253079375
P11,21,-0.0755499826037072,0.512488297500349,-0.07343636804209908,-0.4307696429435709,0.4296131994805018,-9.582161225195764,-0.0632120078283092,-1.3946689183148813,-0.0110584557486232,-3.1336637294831218,9.618979785556434,0.8214007325562104,0.0,0.2671722753697126,0.2098622074169995,-0.5851889818361607,1.7046117553494484,-1.594828703898472,0.6734898317712308,-1.0841592498999664,0.03298289800951128
P11,22,0.1385763450287205,-0.11228110927623576,-0.6247694067765848,-0.12474365843631219,0.6744411031735452,-7.312335850506447,-0.0542736775973298,2.269825374689317,0.008938330230979397,0.0039378729874283355,7.602044247017624,0.717398370606884,-1.0,-0.6733858490168697,-0.6126025296226391,0.7998278367014636,-0.14919602832654405,-0.003715932284184841,0.5033412202149329,-0.3984401350293812,1.8576189719869487
P11,25,-0.1542807569822229,1.4279346488938534,-0.9089619811403633,-0.11056984442302896,0.1885515859416296,-6.979524509062894,-0.1347790265859083,1.5586520226115512,-0.10226654930262839,-0.0655182649262604,7.043379247379665,0.928148012683935,-1.0,1.645329550524378,-1.0365538521830273,-1.0944371805813466,-0.6626767544118645,-0.03893791458252883,0.8481291491935904,-0.36668056005349114,-1.763584035250278
P12,3,-0.0154048808597214,0.013813812853441616,0.6951440478685318,0.1365841079996027,0.5906335243582881,-7.690273321874888,-0.0865713468574428,1.4134172588257181,0.04660508888743159,0.03296139854104336,7.725571773841442,-0.9274298943860801,1.0,-0.30841684768988614,0.4317104769934167,-0.11267570335272405,-0.4238593465094267,0.25710693777382826,-0.9531618592478529,0.07747631503230701,0.929180333865501
P12,4,-0.1361047243556779,-0.38000087898557294,-0.3938146918390146,-0.7710765834333929,0.3671657881279811,-9.45145281466306,-0.0855119974687563,-1.7611794927881723,0.0010593493886865007,3.1409911537056154,9.530285049675227,-0.6450856924218134,1.0,-1.3213154296130618,-0.3405517753172399,-0.7957204047971722,1.3152885222754147,1.7270652435929654,-0.6098772575136066,-1.2520213814352514,-0.6309730083976817
P12,6,0.2697788036522353,-0.11794384134850823,0.8375449919028451,0.9026072431151907,0.2579976809257495,-8.716277040348368,-0.0633921076483165,0.0703774675123423,-0.012132467268647001,-0.17071342494256134,8.653278312170777,-0.9799459833511178,-1.0,-0.647299941348653,0.5326976583816083,1.501188896652518,0.4701435239730432,0.16077790554095686,-1.0170128771174702,1.199510135808617,-1.3931366665312008
P12,11,-0.1080910595473907,0.0037702225544578743,-2.695391971871573,-0.23109216068928023,0.6324837972385151,-6.962838973111379,-0.0358677143914811,2.0768175569552847,0.0261966516987163,0.012613174599200935,7.224124647056334,-0.24931522556199065,1.0,-0.33424914542299516,-1.972772712009779,-0.6371900806382815,-0.9070888509046299,0.24748314291077192,-0.12868477631880754,-0.46107818763752956,1.2213605125800753
P12,13,0.2135006730219444,0.5127344648660427,1.8176310133053417,1.0228418688481171,0.5638766011319327,-6.731478985267688,-0.0622990172277095,-0.1758713942970287,-0.030449549946290302,-2.9701568302887145,6.670765245376283,0.9672897283351155,0.0,0.9748161839572208,1.2277501068791088,1.1827089564899904,-1.4403446522503003,-1.1632329339695846,1.3505088609542384,1.3756240288705655,0.7423752768828894
P12,14,-0.1966435314413437,0.7699834137525834,0.2572489488865407,-0.5577227199728536,0.3330998415332739,-9.047132705806764,-0.136324825503602,-2.3156537205390757,-0.0740258082758925,-3.1096359725059406,9.188437994387856,0.9736384795408048,0.0,1.6364651801173753,0.12116624507288487,-1.1383116643543307,0.9858608034159008,-1.2292002958489383,1.358227909243499,-0.9395109106387087,-0.8688064483995837
P13,1,-0.0709640369314537,0.1007290280958564,-0.49353155164355955,0.1433408216103414,0.5694827095111952,-8.850426923733883,-0.0642606357942938,-1.4162510290692953,0.0025842530086298,3.139767941665542,8.899989415555238,0.7046873444692636,0.0,-0.24371508757456029,-0.7635458396936433,-0.4870250677387027,0.9738440329955923,1.2623995193150528,0.9743131375573065,0.18910546774267048,0.5000976477388318
P13,2,0.1295608885576473,-0.06647464742444725,-0.16720367552030366,-0.06338467578701373,0.577537186272325,-7.551347350836124,-0.0408248716500746,1.2990795728977584,0.023435764144219197,0.018038327078081392,7.6180847354942305,-0.8184133942792777,1.0,-0.4164546782843598,-0.31458725760405687,1.2877138693977952,-0.6605590133805469,-0.10507203005183245,-1.0654058535296815,-0.23341067251361686,0.5531593749138218
P13,3,-0.1667348126191701,0.05239668882485886,0.11887133624930611,0.639200328270049,0.40291251752021484,-9.234712014516866,-0.0857703331825665,-1.6833646636807416,-0.0449454615324919,-3.114899218200506,9.294490377122578,-0.3207644899635313,1.0,-0.2936476532178644,0.07899184198483265,-1.3346410149242505,1.4768249358762118,-1.4774532058885352,-0.39896016467755185,1.2025684778741288,-0.5972426693336488
P13,4,0.0661324788678907,0.6423523417600142,0.5899556529351554,0.8395097283530477,0.5603648235451401,-7.111005304208911,-0.1284773251254128,2.123706710307955,-0.0427069919428463,-0.020106936734464096,7.310885398362082,0.5066452262003471,-1.0,0.31584073098082144,0.7271048667637419,0.7263429170212271,-1.0522320763337294,-0.12178153710298799,0.7090974105922531,1.6119710704214953,0.44003033462939245
P13,5,-0.0357164023069294,-0.20908737948803222,-0.8514397212480465,-0.3949929602287457,0.5770074556397364,-8.271064262015063,-0.0828154034885907,-1.160058957806152,0.04566192163682209,3.1022512380537823,8.276544098129655,0.7754626402942951,1.0,-0.5637891485943652,-1.2559522692418736,-0.17506709315013258,0.17896361645727504,1.2459653526353447,1.0690945996900945,-0.9111686374637219,0.5496695861744344
P13,6,0.074511045202066,0.13965436736100667,0.3487417468490389,0.15333484637171102,0.5830915478072745,-7.296969369843144,-0.0498663572909187,0.9740948921719186,0.032949046197672006,0.03381240252784677,7.307958509593369,-0.49128235606051107,-1.0,-0.20350097653915036,0.39524522135664875,0.8004971293934448,-1.0559638014724202,-0.09816220695430215,-0.6273157297095899,0.20953176648647354,0.5897507048213163
P13,7,-0.1135109780061217,0.4017436938275831,0.26208932646657646,-0.21620149004717565,0.41523043070188503,-7.347661560527521,-0.0499400674579349,-0.05069219068437647,-7.371016701620409e-05,-3.140138581195763,7.297897040996102,0.6903337184042279,-1.0,0.06726581636993177,0.27602970029326557,-0.8635853023184663,-1.068791974410838,-1.4885092918028557,0.955090926622086,-0.5457454901358366,-0.516094040068833
P13,10,0.0447611136214219,-0.05196681810413885,0.1423706378253301,0.1801209930914673,0.5428989899190385,-6.910284378305639,-0.0644448246293012,0.15713127021451534,0.06923217675796489,0.41501018569018067,6.846403833057902,0.9959109972514819,-1.0,-0.4014665119591919,0.1113219427442371,0.5371963859844388,-1.6444368612344133,0.06882122451277767,1.3643165037966838,0.2642786625726205,0.32496795053704963
P13,12,-0.0849920181582984,-0.0020672002887398566,-0.6620014301977141,-0.41001137527088033,0.6466734571034075,-8.912886854862338,-0.0474589633277433,-2.0873636907120954,-0.0003407996977482994,-3.1414293855899538,9.107770102918574,-0.8169318342450023,-1.0,-0.3499147770395804,-0.9953249898509222,-0.6111792317758028,1.2387602890066103,-1.4890747277959684,-1.0634217653722364,-0.9418640419312836,1.0086191210315252
P13,13,-0.0476855881986959,-0.17456364667130805,-0.1724964463825682,0.1559798806180443,0.5392888520169195,-8.063618031308474,-0.0375735023702266,0.8492688235538637,0.009885460957516697,0.011639441203003729,8.069817545019411,-0.7936896226081054,-1.0,-0.5281223759712285,-0.32186899807280506,-0.28099996007992184,-0.08460863928497012,-0.1078750576878344,-1.0322960628730082,0.214937822704388,0.3011848845344528
P13,15,-0.0847079618326595,-0.016058485950509644,-0.5795281724698784,-0.31318526173302236,0.594066176337819,-9.12662991814601,-0.0401050714766423,-0.927486481578379,0.0073348843611154985,3.133684472069204,9.134485468561257,0.895167795758586,1.0,-0.36436929755892455,-0.8818591183793327,-0.6086652010625551,1.2728218504242472,1.259734659566932,1.2294023670752992,-0.7439658809250631,0.6620499692185894
P13,21,0.2327965772423647,-0.0409270470475384,0.1357212534873226,0.8269868651987397,0.357375756834721,-8.176881496809017,-0.0466618938538085,-0.473228074152952,0.015332242490251204,3.109204716592005,8.144885633038419,-0.8314272394980595,1.0,-0.3900612271895071,0.1021737872154309,2.201397771605892,0.011101684307934102,1.2490113192128856,-1.0828338453653539,1.586376202485366,-0.8972322581778478
P13,23,-0.1506163595961023,3.600505846775109,2.1273752193483357,-0.880080204654245,0.05048857351137458,-8.541638641227536,-0.0851271401108302,0.23298545901193535,-0.04580181198173439,-0.19411127042220575,8.461105667168281,-0.7927827009400601,1.0,3.3719351865779794,2.8422711124844766,-1.1919852023529665,0.41427595704903836,-0.19800401795867648,-1.0310815238063014,-1.9026147473176214,-2.9189606060190796
P14,1,-0.0422473116268509,0.13189748757683167,0.1047490183451031,0.1445374268288677,0.7741261127652809,-6.608537478559019,-0.0395713064105599,-0.013120304837992869,-0.000838942516364502,-3.077737281969228,6.568977652777582,0.3163439838830265,0.0,-0.11445658642737953,-0.06466266115176393,-0.2789092095833092,-2.142842314631052,-1.069613478391537,0.536866470302583,0.4565865192740934,1.2952701612401014
P14,5,-0.1429490543290814,-0.6299128890195028,-1.600326954479266,-0.32706324993929176,0.4525313524214357,-9.41100228746171,-0.0575986824422098,-2.0313376875112352,0.029877497182127392,3.12688542734068,9.577826843078876,0.5055680373955327,1.0,-1.1509760569374865,-2.289791991682736,-0.9201063937414237,1.5430648528223048,1.3812753612831363,0.7666834427175446,-0.7710485219958341,-0.47263693522758327
P14,11,0.1278081411766516,-0.32319049125547455,0.1064879608418674,-0.09575087669484524,0.5365182905291599,-8.508845911157604,-0.0849328532510652,-2.216422854446968,-0.0237742175005392,-3.1308666742346856,8.704597592782296,0.8573366306972849,1.0,-0.7336494529807367,-0.06239333590448618,0.8038831489438062,0.47333960275891296,-1.0906001266798726,1.1939145034766125,-0.1689137311380376,-0.010934438170468252
P14,12,-0.1299813497216754,-0.3604371675261452,-0.03724667627067063,-0.5107616106991592,0.607339181626663,-8.58031492426075,-0.0456599608880169,-0.07146901310314568,0.039272892363048297,2.6391262040204526,8.535373402110134,0.9125835210478304,1.0,-0.7843272940188534,-0.2499674745058034,-0.8375372598203803,0.2660362060597393,1.18860552576031,1.2610131246086482,-1.249238134101759,0.37839017587353374
P14,13,0.1545432905031432,0.1237954321810497,0.4842325997071949,0.3941830053737826,0.5305609465976914,-8.101546915784057,-0.0861988167401811,0.4787680084766919,-0.04053885585216419,-0.0844717855089797,8.032153183809767,0.8109869559156825,1.0,-0.12548024589287585,0.4305645667265473,0.9741135938814133,-0.3504197517262441,0.11275672253138692,1.1376217556308852,1.106444916891502,-0.04368382314577435
P14,14,-0.059664728617177,0.36985600663731966,0.24606057445626994,-0.3571042647534114,0.46306217367596736,-8.666901392174413,-0.0864300251982307,-0.5653544763903557,-0.00023120845804960877,-3.141183691682149,8.599061180585739,-0.9165080746927065,0.0,0.20930985960337536,0.11974934937295365,-0.3898109519943413,0.34405515095039685,-1.094675453110725,-0.9604607578064056,-0.8492490087166203,-0.41474571334444815
P14,18,0.1412635499271784,0.5643100796177033,0.9477129791155642,0.8519471248550591,0.6554530583840111,-8.20618632107266,-0.0479536056040043,-2.08559981740693,-0.025318686839313,-3.1294534872131514,8.414363872374196,-0.9969282252515255,1.0,0.4738841407580681,1.0354078715318369,0.8895576365050145,0.11779684118177108,-1.0900419034869855,-1.058132883413638,2.29806168377658,0.6428872219912669
P14,19,-0.0495198580402359,0.18048572341081878,-0.3838243562068845,-0.061766967070871974,0.6771891736505318,-7.729149933557726,-0.0468740410311271,0.4770363875149348,0.0010795645728772021,0.0022630615989747854,7.697005767582642,-0.8538763472815807,1.0,-0.048347415396291685,-0.7022524009399175,-0.32521562054295167,-0.7609827894507545,0.14701786599605024,-0.884393081929286,-0.0804494002985602,0.7623774536985101
P14,21,0.273904427918419,-0.06737201561439723,0.21241074107618965,-0.08775535503289253,0.6171260437976933,-7.822812987113302,-0.0645514203560467,0.08855689457720306,-0.0026380723823211036,-0.029780769207767316,7.758797526693263,-0.9109495832149429,0.0,-0.385582743646985,0.0758362144658504,1.7341205525980214,-0.6852865104449655,0.13436022813729273,-0.9537098418477769,-0.14810039678764758,0.4321916217236348
P14,26,-0.2575958066730617,2.1707639090807747,1.462732461201337,-0.2590854682719067,0.07116708549035947,-9.267575631921927,-0.0460652202126775,-1.1398565769917273,0.017804704533556502,3.1259737967459333,9.293892290962106,-0.981506408553201,-1.0,2.659625794939165,1.7075098620875189,-1.6500954962458496,1.195238712479902,1.3809152579609443,-1.0394027317391674,-0.5940939269037163,-2.569115724638773
P15,1,0.2437494884382804,1.4370086624865197,1.1552143355822553,0.7057366332150423,0.18189197782652547,-8.220449246808272,-0.0671471490459571,1.2879173642478783,0.01819710242038859,0.014128151515935158,8.251577100207612,0.43263861648117674,0.0,1.040072604324356,1.8660077988495856,1.6736901889107885,-1.3670141802704674,0.2636499181220149,0.5054794319674792,1.7541198036382266,-1.570870324110784
P15,3,-0.0930338016404873,-0.21579690877885663,-0.5459172605605579,0.023727455481353677,0.559477062455828,-8.515060075830828,-0.0452932714480557,1.4942219289113314,0.019452523005805106,0.013017761147254156,8.597202714907873,0.7975854115123692,1.0,-0.4262271572015711,-0.19926819291550102,-0.5318137469729272,-0.2751876608496887,0.26317265843758425,0.9777158094535644,0.3650007084548213,0.42304448622050866
P15,9,0.0637308127549041,-1.0979796502785129,-1.278942092544436,-0.7187222032743152,0.7460360732246373,-8.663292704298973,-0.0850668895486631,-2.8124849343264717,0.004437465371375002,3.1400148809819988,9.028898600314886,-0.8779147813377263,-1.0,-1.208862674634457,-1.089204392029426,0.4947958985812363,1.0885336490450408,1.6071951758525365,-1.1903595163789003,-1.1472238067886165,1.408207273934651
P15,11,-0.1989792749338697,1.7545323669625215,-0.41357789538957723,-0.4071601385541553,0.3770412632393829,-8.688085354562459,0.309199984975779,-1.1131254850093306,-0.004842678702977277,-3.1372421574274187,9.065287323622124,-0.9050524955328711,1.0,1.3217663136428341,-0.038600250310246186,-1.2256223925353844,1.2034851208830397,-1.0908485011655025,-1.2254753634537392,-0.5126329133409319,-0.5403448445562137
P15,26,-0.0745930140797514,-0.5545436858398731,-0.8256948196207685,-0.3809577555380423,0.5323819826883508,-8.560395609983454,-0.0865713468574428,-0.32217140442932113,-0.0373055957603833,-3.0263118156806543,8.478611099189045,0.7627503057511045,-1.0,-0.7267490861311617,-0.5389349635944125,-0.411049947983713,-0.6498169288079243,-1.0431692512466328,0.9326396384115958,-0.45926379196349976,0.2799634085118374
P16,1,0.0921072495296108,0.4679326800482624,0.0017848732379356913,0.06926112223855269,0.5959428242608161,-8.016223717775919,-0.0908940943213766,1.2989348391739615,-0.005791033185892594,-0.004458264297358101,8.032008418970394,0.49592650969242597,0.0,0.7581361483302382,0.614437174261415,0.6926297085125355,-0.007138310868558074,-0.2004011572371054,0.25113036116314924,0.3166865019766456,0.7805866930504175
P16,3,-0.0214738012761619,0.054968401880084006,-0.19984380678849573,0.15030769229727922,0.6061407771897204,-7.364646878189827,-0.0638486978943062,0.5138104629820575,-0.020978055779996896,-0.04080572978668398,7.3203587910160595,0.3211468393921048,1.0,-0.09715303556810904,0.20485732014057226,-0.24813361153692082,-0.6152738969226292,-0.22464793517943912,-0.017754412674324756,0.49657573407228894,0.9059114051858216
P16,5,-0.0042587730989999,0.007871588838007494,0.18077189054656662,0.03515565104436701,0.6492203072586652,-6.715167754079798,-0.0506972660212224,2.8305218898386384,0.0015451218034934003,0.0005458787142988121,7.240046715338671,0.5574550436971479,-1.0,-0.19469511588956046,0.9780237256844749,-0.10554585638059379,-0.6839040616705288,-0.19706297828124508,0.3457871706306551,0.24098672814369304,1.435324488621097
P16,9,-0.1814864464860933,-0.31494457278902427,-0.5182607620863754,-1.0190837090363694,0.4471765644045189,-8.59197811593399,0.311453504083885,0.09095133180369075,0.3621122158194913,1.3247178127533854,8.90755986998428,0.6374835954658074,1.0,-0.8632787828641157,-0.44196122811065924,-1.5734781676020773,0.7410585178340471,0.6862696670594631,0.46890480213712116,-2.0989803894346073,-1.047632050645475
P16,13,0.1387519069897528,-0.4511753395211577,0.03656392924956586,-0.08478189753220469,0.43191224786568133,-6.620158908850443,-0.0474399558377578,0.837454006579545,-0.0153407107921993,-0.018316224069599506,6.627812102441447,0.791711554861563,0.0,-1.1454259502099593,0.6850858572059085,1.0789756923141094,-1.2070851897027244,-0.20964556723400066,0.7061723854337735,-0.025224087406425472,-1.2352183328640827
P16,15,-0.0759086966883116,-0.31034426358432166,-0.8131050983814269,-0.602663076056172,0.6420784118742102,-9.100690556035689,-0.0844310955644664,-2.0212621023027646,-0.0579914205983542,-3.1129098239912496,9.227533062968504,-0.8064352825514502,1.0,-0.8537510950872862,-1.0408953689890956,-0.6990041799211686,1.0144895400582876,-2.273996487688208,-1.7524508068316418,-1.1747020659804528,1.3475562875519278
P16,17,0.1552110837242733,0.2726579370655083,0.37723162605892746,0.8561099003107967,0.4863570370406786,-6.91695512778099,-0.0625556765363187,0.13032161286802424,0.0052359172372394985,0.04015529431642151,6.855540698477013,-0.7837194906145932,1.0,0.3537031637085941,1.377103607580363,1.215302919789111,-1.012481191089735,-0.17064020872631372,-1.7175043478585486,2.0631592072403846,-0.5661352749015423
P16,19,-0.140748741097997,0.2739724031543097,-1.050463144581605,-0.1818962819886909,0.5061949832382845,-9.069904273352272,0.2799297853590345,-0.18481219810901983,0.3133400399698702,2.103692112292258,9.363095245576696,0.990394387036601,1.0,0.35642555081999255,-1.5230543253654063,-1.2360579843917785,1.1303333262823871,1.2059102144657385,1.0118302934901187,-0.24077709640680273,-0.3223427300736532
P16,20,0.0751039192998295,-0.4921458976769168,-0.7661183008312265,-0.03557555955255664,0.5930457048691384,-6.88734038612878,-0.0841664301667747,2.182563887223492,-0.36409621552580923,-0.16529826759086888,7.264203573277307,-0.4147067988714576,0.0,-1.2302799608385213,-0.9454484033902838,0.5517953942903487,-0.6632609749847873,-0.30769479632859165,-1.1498073497350307,0.08399324710857772,0.7449834051832204
P16,26,-0.1187976438841525,1.2342061678155964,0.30038843974112994,0.21166626384397857,0.44555523144630954,-10.149007736511903,-0.0422100229836938,-2.230196280206692,0.031509036047914905,3.12746522450929,10.356769330237755,0.881454742319139,1.0,2.345163067226501,1.2210076541768176,-1.0542425587805269,1.9794710874572898,1.888851899149313,0.8442352197526686,0.6327659060934289,-1.06755694024634
P16,27,0.1748248286894064,0.3776519666272515,-0.8565542011883449,-0.20609303227379758,0.45304798671732954,-5.951359353093,-0.0391614447236023,4.197648383418903,0.0030485782600915,0.0007262584775183594,7.249051774761016,0.9888515008694828,1.0,0.571156010372226,-1.1291560131941074,1.377758643706961,-0.6762088463930318,-0.19694264999961128,1.0094566844920603,-0.2944836854067305,-0.9754769508614006
P17,5,0.1691922422586143,1.6649674773527234,1.6788026026089402,0.8408343040479955,0.20059113499390416,-8.846435136272708,-0.0534783408043511,0.5886325834927213,-0.0139539854860729,-0.023701325550945836,8.813580417746625,-0.8336178977487265,0.0,1.810861843782856,1.2854046924397793,1.009531342726586,-0.31725732794641087,0.22835042244731857,1.1619261883069032,1.0456081791514726,-1.593307460423877
P17,8,-0.256305300075946,-0.6518583585190046,-2.8320696235147595,-0.9255291754793158,0.4158920507537044,-8.304323416194425,-0.064935923585942,0.1963582271811415,-0.011238251046713395,-0.05717104070451748,8.24200233869936,-0.8589793142614279,0.0,-1.2445184285885658,-1.9151346946827301,-1.6635780912861635,-1.1001468372946142,0.21255654937813995,0.7286340847429447,-1.6811097753875885,-0.1219486378168802
P17,11,0.1417275683509045,0.7165017882450326,0.19491653355384397,0.6221513793509671,0.6518747293432511,-10.379691053537496,-0.0559643280468952,-0.5722842480424468,-0.001956410979113296,-3.1381740668220344,10.339468426584522,-0.961054164382413,-1.0,0.5600456146766951,0.2325626760977738,0.8369896201070527,1.7727488468016306,-1.2413240856072603,-1.0152837483854682,0.7080294961489966,1.4907486184852263
P17,14,-0.1004659074696922,-0.025143774847009973,-0.7730495538228065,-0.3459284849368269,0.5616856373718085,-8.434007910391495,-0.0879761468416283,-0.1587009943903297,-0.022716646788085104,-2.9994172587005257,8.347139506500183,-0.9594253692868333,-1.0,-0.41802066353822037,-0.45422547323316725,-0.6845459956341317,-0.9561406398367869,-1.1758467606614094,-0.9874562785402832,-0.7863858820990065,0.8743995625288514
P17,26,0.1562848943956223,-0.3294258821040601,0.22886653450749983,0.00980876097633235,0.43775823224070587,-9.499694153862126,-0.0654208051210943,-1.7714226275618978,0.06575063803579889,3.1044922648961832,9.611488918299402,-0.8382694125852364,0.0,-0.8193013870842734,0.2566507703283646,0.9284433224495632,0.7756365694958468,1.70449960019339,1.082456469126946,-0.2372377895505437,0.02748407097623571
P17,27,-0.0594450715888101,0.3759498542582203,0.7053757363622803,0.7796093194316692,0.3346174826598297,-8.927945791251252,-0.0263098475956007,0.5717483626108741,0.039110957525493595,0.06829949319595903,8.917557125058316,-0.9584198165511593,-1.0,0.11093302075150817,0.5947420290499796,-0.4268401983629067,-0.17484061121966535,0.2717642742498208,-0.9702767152510444,0.9510957717366694,-0.6773761537495537
P18,1,0.1636805111440488,0.3707674725707049,0.4497205819392563,-0.3543025719265737,0.5254582173091688,-6.6183993400753725,-0.142889339084842,1.0488396094183923,-0.055413159460504804,-0.052783749539584784,6.568988046153311,-0.7423524669664638,0.0,0.48580892227835537,0.5154128593027302,1.33626203567624,-1.358343306284132,-0.1504368251260143,-1.4077957367159135,-0.3147648402405643,0.8831718445584886
P18,3,-0.0453966913271657,-0.723897203099296,-1.021312915878796,-0.8528428630063554,0.4137634011021503,-9.93427438896175,-0.0657154804485364,-1.3538564313027805,-0.034537831285798695,-3.1160874810690133,9.956357591968374,0.9262366748885161,-1.0,-1.2348392611547845,-0.9141418685118651,-0.5510682077732092,1.5834246714079732,-1.5538469698270923,0.8628643709757807,-1.1795137883718276,-0.07898088916889764
P18,5,0.1478665836980457,0.9961960427067559,1.1680960283592992,-0.14169999122744056,0.22443545997188186,-7.993754599173746,-0.0461523870358788,-1.588259098376537,0.029157964868277403,3.123236272169665,8.110512861641624,0.9387874225034961,-1.0,1.468888541992144,1.2135322544755476,1.1935104435189547,-0.01960294220906524,1.3046127255808313,0.8799437593142184,0.054007476298534,-1.709874804530559
P18,8,-0.0854121085319412,-0.2716357389523995,-2.0949183347252753,-1.3636467542856285,0.5049290649602188,-10.116801209851957,-0.0860440806370294,-2.003804134596445,-0.0230494315632854,-3.1300903242708022,10.224454889082551,-0.9839033678377824,-1.0,-0.5239522799476174,-1.9574748072898407,-0.9122855294236556,1.8162543148493484,-1.5602621783491142,-1.7365045727183734,-2.0655347090247975,0.7063312289918817
P18,9,-0.0360836702476354,-0.7061912253353546,-0.4345554863829551,-0.14431453804060235,0.4705722860246544,-7.78108841021465,-0.0388765083853679,2.3357127996373066,0.047167572251661495,0.020191336095806988,8.07336883776634,0.3146751690733135,1.0,-1.2070081278839622,-0.3439292535984097,-0.46699999692320165,-0.05186074535721515,-0.11700430113662655,0.030635345974051126,0.0494723832539484,0.41037775597077947
P18,10,-0.0385602782020472,0.5758100037239873,1.2820012290593419,0.16714548077100333,0.401366815893987,-7.158479332539719,-0.0850202673271385,0.6226090776749311,-0.04614375894177059,-0.0739782819678817,7.105002005891407,-0.23219849576777662,-1.0,0.8081049336477637,1.3242256672529886,-0.4893562224622936,-0.8928408917921624,-0.16014680638445686,-0.7135647591047491,0.589719036275575,-0.18576658211289448
P18,11,0.0448439470000447,-0.13016653035663395,-0.7059765340806212,0.28843708695847814,0.44870223552649524,-9.080227563007616,-0.0383077149713467,-1.9217482304678972,0.046712552355791796,3.117290117543547,9.253710196014735,-0.6229359619674703,-1.0,-0.30158396735632914,-0.6076970349168616,0.26352986360942426,0.9732091100208571,1.3018885772574496,-1.245290607502537,0.8001068238716335,0.22198648063567936
P18,13,-0.0468069837671002,-0.3073091078580874,-1.2174193735567127,-0.6834983919312424,0.5915756926263235,-9.496809042058953,0.2841808601779718,-0.09762958486927609,0.3474675450591343,1.8447086283363194,9.791112037084,0.9869957399343265,1.0,-0.5800254489908617,-1.1047187072747264,-0.5637988524467381,1.4399168328801737,0.7188730069990775,0.9455469090071574,-0.8857753366272842,1.4527158196848482
P18,17,0.1555939736498174,-0.24177763593719273,0.35789280116026145,0.6517798622936372,0.37327443342445704,-7.244573470929385,-0.0622164780443446,1.1436141515377471,-0.3499007141598108,-0.29691609796252255,7.335996089646193,0.62582853308207,1.0,-0.47701983400710113,0.42617434885952954,1.2632652354643559,-0.6922336095233332,-0.26228267668164473,0.45406104934600866,1.4303473247981495,-0.42775778195404823
P18,19,-0.2177218683262584,1.0263057476587847,0.12305730839061291,-0.4353171622312106,0.26808991225377404,-7.380906923826219,-0.0269881805625729,1.858288998622049,0.013359273067679499,0.007188894160252375,7.581812881808577,-0.6567902664567362,0.0,1.5162164683251158,0.19796051862012848,-2.1066396159134384,-0.47875351596351023,-0.12296118968490427,-1.2913604378455328,-0.4552896543884516,-1.3338300423050131
P18,22,0.170784187945003,-0.29198737617815723,0.5427717365991522,0.3087514720939271,0.4214197585938663,-7.106896709975703,-0.0481838549438024,0.6914199565471009,-0.005973831960108603,-0.008639732284207384,7.093080097252606,0.9443789925136077,1.0,-0.555941991866436,0.6058402481215228,1.400386597836368,-0.9031944976188212,-0.13021285549270442,0.8875529152429277,0.8353433804591965,-0.013028094391069615
P18,23,-0.0233456078910882,0.2588142417484418,0.5508016179265991,0.3831225810597232,0.6456070273351864,-7.139233918464261,-0.0196170372594944,-0.032337208488558034,0.028566817684308004,2.418022671811527,7.119877375035328,0.9929612331677007,1.0,0.3098352862186228,0.6136437106752094,-0.3520140967662182,-0.8799223471775075,0.9815288894149514,0.9536649095190561,0.9643446656115651,1.918148309413993
P18,25,0.079910631331015,-0.777945836025829,-1.3596697136065068,-0.7750103354336219,0.29159956442874274,-7.866740070611015,-0.0243823572229996,-1.836200304033782,0.0385188761840633,3.1206182384088548,8.0633210595519,0.7612726072546645,1.0,-1.3197955807739983,-1.242958010766488,0.5800752023315984,-0.060586758801692,1.3034133097014087,0.6383769173643292,-1.0445084587060096,-1.1313150386794035
P18,27,-0.0502486768380791,1.086805094358703,1.2304521048537245,0.5316909573185877,0.34025650821525094,-7.535888348385769,-0.0622835193709461,-1.334708150030938,-0.036044215084685104,-3.114593899800453,7.585598009135718,0.8373242049713245,1.0,1.6113123395190887,1.2741300750505349,-0.5948668567281862,-0.47546631443091436,-1.553162706271161,0.7418699371435777,1.222045696790333,-0.712178206113785
P19,3,0.0424425001468784,0.3589577627864732,0.7317719908619391,0.24756121644006823,0.4681971167836781,-8.14630490179207,-0.0082568353635846,-0.4404772673257975,7.923136342059996e-05,3.141412777422637,8.149964193788689,-0.8239050653857072,0.0,-0.07275389625900626,0.7226153282101477,0.43632915848542686,0.18698186040000536,1.0989747304416648,-0.7946866593093933,0.18577194476365505,0.029216572622393022
P19,5,-0.2098504080906922,-0.3938459921956311,-0.9370446558636389,-0.15956255773998915,0.5407446100090681,-6.908083686705839,-0.0150096769866465,0.34578447966228687,-0.0008040434499052007,-0.0023252692011181213,6.9017818646940245,-0.8819888767870373,0.0,-1.2584092067167296,-1.2598886404176268,-1.2671661536732277,-0.8515934735240097,-0.4719945600810123,-0.8658466574409939,-0.5238337000398355,0.7458141924123732
P19,10,0.2102075106523555,0.4975676259116478,0.5095671317502645,0.9363833960376909,0.6011312941446462,-9.424658466306315,-0.006315046351627,-3.1901608679505706,0.0054227108307590005,3.13989283159572,9.94569993440284,-0.8152755343887672,0.0,0.14555468576990283,0.4586426407962077,1.5690875500578827,1.681160076975435,1.0982151925342651,-0.7841143949416873,1.3863702342954778,1.3422917851546123
P19,12,-0.2267560859837806,0.9504115475091287,0.4464349390483131,-0.42568509769980045,0.33832770047487565,-7.391874566720967,-0.0080606421361915,1.392182778997757,-0.0004786942922214007,-0.0003438444150996011,7.51400120122949,-0.9011906078696497,0.0,0.8587774837397638,0.38364349524874997,-1.381314201832481,-0.342184001000675,-0.4710044147686004,-0.8893712009410938,-0.9876780356973399,-1.2535860504988623
P19,14,0.2002861701742395,-0.2081099235620796,0.8597452396406149,1.106885127635419,0.3730604709091177,-6.226178894702424,-0.0139200489385366,2.4541718375169284,-0.0077616921350639,-0.0031626417262757794,6.682310728422944,0.8927278059046102,1.0,-0.9658775148096593,0.8746436975817736,1.5020981245014349,-1.0342088681873425,-0.4724130066889169,1.3084052171797182,1.6835501065203013,-0.9105084400214972
P19,16,-0.1163713570587656,1.4729428198811871,-0.12023710371300655,-0.27044036643905667,0.3098620949467267,-9.683649106697784,-0.0170340854167393,0.09417218004919015,-0.0026483348629433006,-0.02811485342187251,9.66709988475159,0.6905801606225832,0.0,1.6817568775963871,-0.2895458427705166,-0.6359905636404796,1.449345274880243,-0.48488197125372895,1.0607488441985358,-0.7170906993265009,-1.5347588968710792
P19,17,0.0525207082873812,-0.1532705470505471,-1.6262133669317342,-0.6068706638157867,0.5392701745448857,-6.585792146484149,-0.0086050430420882,3.097856960213635,0.0084290423746511,0.0027209201979583606,7.266632992879679,0.8574813519675681,0.0,-0.8795062692456216,-2.078600334975201,0.5043777629517061,-0.5480117183145657,-0.46947290959279053,1.2652238636184743,-1.3034795403669186,0.7312502578476802
P19,18,-0.0747336329909482,0.9914935625055415,1.1447641095560885,0.6667840240980156,0.6003614268935878,-6.655045708227437,-0.0119536808692249,-0.06925356174328812,-0.003348637827136699,-3.0932769908723063,6.643418934776478,0.844039648376248,0.0,0.9234810786972022,1.213237540020923,-0.3548504069314694,-1.0665695711325445,-2.0165857954889854,1.2487560806103164,0.916465875236211,1.33468731785829
P19,22,0.0392989867059589,-0.3938457376152121,-0.4488644848076,-0.38234889097113706,0.4888328763863687,-7.167653935548664,-0.0090728791110642,-0.5771294963059379,0.0096150645299553,3.1249340437772237,7.182586715192358,-0.7349442587705837,0.0,-1.2584088057561555,-0.6799452844935578,0.41510398633246404,-0.6179441223227944,1.0907400798061104,-0.6856984459020876,-0.9121442082244444,0.23304906298707717
P19,24,-0.1388363277344998,0.9292101409130182,0.6750214565216892,0.297072075408589,0.3926048910957784,-9.119345575319157,-0.0069440403925497,-1.850927194003173,0.002377812031872201,3.140307994349007,9.298956994154093,-0.8800053991634554,0.0,0.8253855669839164,0.6551974007991005,-0.7876752562512566,1.143024542226248,1.0984226550919944,-0.8634166470717892,0.2720680228393943,-0.7174558014909811
P20,2,-0.1267482039023958,-0.0027718580452395425,0.613273386248201,0.3821902434454931,0.5666884082423294,-8.326810324213348,-0.019277637659563,0.316544301941315,-0.009078382188181402,-0.02867179823338856,8.313911803151345,0.8552366456886681,-1.0,0.2157109100859516,0.7706746767870984,-0.7585545086017832,-0.11461103076002524,-0.10225900080587563,0.8353202772343451,0.6066603942810027,0.6602817593432662
P20,4,0.1241982884716178,-0.4141864461545247,-0.3779126911693663,-0.7771023876295517,0.5378154226371601,-5.510948677492412,-0.0191325936544906,3.2748520207444978,-0.007943889711756,-0.0024257200265851192,6.398186687523989,0.47955324925674625,-1.0,-0.7162106006237838,-0.4852783461322591,1.1127488914516468,-1.4695990982520366,-0.09213981076815653,0.3639868686097841,-0.9170440927801203,0.3276963975051727
P20,6,-0.0877703540726791,-0.016022012530367797,-0.16507872718549696,-1.0745585449975181,0.49250409471394796,-7.890110619017021,-0.0147436009313746,-1.6066645258878314,-0.0031542191063455,-3.1396294465834704,8.036955329818976,-0.5924125254494226,1.0,0.18569713725969966,-0.21559189014218155,-0.4678973959117554,-0.3105017217149936,-1.3016904509030538,-0.9809043012417548,-1.3080025699898237,-0.19424077237337223
P20,10,0.1469187249863696,0.5358399373762841,0.7339474181022833,0.48419349720469873,0.37959640759343183,-9.920740662802544,-0.0044073423606525,-2.1419193109406276,0.007496989077139,3.1380925411326395,10.146608150159746,0.7184355452708355,1.0,1.43575495466411,0.9235833167973351,1.2821747706441944,1.1816509753469226,1.1186887500245772,0.6636892454242603,0.7407273341386365,-1.4948144119957358
P20,13,-0.262578557444497,0.08108972134348871,-0.854626714396777,-0.2297868307095737,0.5441652745841795,-9.167223709822562,-0.0194946675153009,-0.8875118364818508,-0.003178407336114901,-3.1380114126221152,9.190374978496598,0.7874902372965544,0.0,0.40567114001753635,-1.0893328543437195,-1.77143896858842,0.5053094027621213,-1.301066617010103,0.750325449427754,-0.19768545324146888,0.40083977922180686
P20,15,0.055027295403511,0.15269490623640922,0.6196134785395866,0.9760290210210602,0.4739080720584871,-6.584179376498634,-0.0040484169293049,1.8779985178887273,0.0066685551924984,0.0035508692375127936,6.841052497559674,0.8175815288033612,1.0,0.5678686264672259,0.7787083429779108,0.596942062318918,-1.156361106431887,-0.08983553345616095,0.7880780654084517,1.38716635604469,-0.4084467089602883
P20,16,-0.1267686757838986,-0.2721958729013026,-0.4248907791377118,-0.7612465557155532,0.6193422323590131,-6.880412087270981,-0.0121536486476402,-0.2962327107723475,-0.008105231718335298,-3.114238449492027,6.874299340580592,-0.8946228774288552,-1.0,-0.3945786669074848,-0.5448052835449992,-0.7587071670474116,-1.1328456891062801,-1.291900937864535,-1.360058228918477,-0.8962041412563686,1.2667964920237464
P20,18,0.1698577005638678,-0.4437030955881286,0.634829432224075,0.37821431180242593,0.4154469020982365,-6.382432248544068,-0.0090037297613782,0.7511516724567562,-0.0015180031255024005,-0.0020208981949195355,6.417717875115235,0.9617694658639186,-1.0,-0.7830706520810428,0.7979888024819674,1.4532302916272806,-1.4557847331773166,-0.0919837314859962,0.9689766425155489,0.601434668935736,-1.081855743640346
P20,19,-0.1292533019138336,0.4658972533678036,0.9096003489559321,0.906207586229434,0.4890300651304932,-9.026941882110217,-0.0058170245149866,-2.644509633566149,0.0031867052463916004,3.1403876272728217,9.401648238414575,0.8915054629370682,1.0,1.2773233053542836,1.146156892553228,-0.7772349786172155,0.6547425045332225,1.1195736217613161,0.8808232337738883,1.295397262863799,-0.23425781120162173
P20,21,-0.0136782156414441,-0.8121963500091459,-1.1881883257034838,-0.6487443193467229,0.3508573397345715,-9.599839048531374,-0.0129642370309369,-2.9853727854017125,-0.0012257367674301002,-3.1411820728058633,10.040582764922275,0.9715479498166613,1.0,-1.6177683032376453,-1.5119958876482318,0.0846063241121753,1.106659458726872,-1.3022890668059,0.9812447550177259,-0.7483379703132867,-1.8258571871847808
P20,25,-0.0677530802117157,0.13743966889537745,-0.5739550290983408,-0.3323035156152699,0.598911447744857,-8.214405626051208,-0.015510094160092,-1.326336589410145,0.005894038386371998,3.1371488347011183,8.306426812324492,-0.8518920629143955,0.0,0.5333130121550921,-0.73368777454511,-0.3186289511470721,-0.11990514794465695,1.1183249034854814,-1.3064480330735462,-0.33242721610818116,1.0314560950708695
P20,26,0.1428065874472684,-0.9625703249552977,-1.100009993850675,-1.247240368841048,0.6500117070978769,-9.986071797592167,-0.0092484785740128,-1.771666171540959,0.006261615586079201,3.138058359367288,10.134003688332802,-0.8901478397242921,0.0,-1.9583900165980397,-1.4002632423158203,1.2515106362878607,1.1727358678331419,1.1186755712259508,-1.3544438344707912,-1.534965170088722,1.6200754529491834
P20,27,-0.1495719823275355,0.2766640881527657,1.2392344131080635,0.9122055286428138,0.5034918892786875,-10.088400908945037,-0.0033669127332206,-0.10232911135286926,0.0058815658407922,3.0841788659620932,10.08561452046462,-0.79142838581328,0.0,0.8486791534440976,1.563843247074782,-0.9287510065284178,1.1385103181849177,1.0979023026024555,-1.2305901397071892,1.3032805975141073,-0.0676733407579084
P21,7,0.0841953792317707,-0.5402192241568566,0.06137134499990149,-0.006875916814279325,0.3100875897111868,-8.675578645815843,-0.0396389090967563,-0.5412265063986155,-0.023659497351674698,-3.0979058727346445,8.651435184123933,0.5672130487400624,-1.0,-1.0332566824768528,-1.3190304621073015,0.24041058934302287,1.2912920292245122,-1.2143269268918986,1.0245269423463232,-0.3441515978834789,-0.19434145714347903
P21,8,-0.0073274663244914,0.30949374235344174,0.8497129665102984,-0.2983425894528198,0.34084072188425274,-7.610123886789768,-0.0265980558565793,1.0654547590260757,0.013040853240176998,0.012239095062196715,7.656202652589757,-0.799677450715075,-1.0,-0.12147826310638474,-0.10155909847331646,-0.42001208360392317,-0.4194904260523445,0.8163500492854481,-0.7875042958747884,-0.9226237051814288,0.5431721680584892
P21,10,0.2163332327123887,1.0012962143789041,2.0654219494110033,1.1344485627547782,0.2406621347569904,-6.629780018919138,-0.0184069942738251,3.0492083895528337,0.0128658984351154,0.004219397443357948,7.275275183412286,-0.7985822752680846,-1.0,0.6208554299411413,1.7759148706905536,1.1939084167187664,-1.0742962230425668,0.8111138254183605,-0.7860524662497596,1.9210280565527573,-1.8592846790702835
P21,11,-0.184134968718435,1.8847078092300096,0.8834115948511054,-0.12474095722954656,0.34190878866866964,-7.370816957342996,-0.0272093885063955,-0.741036938423858,-0.008802394232570399,-3.1297147298182018,7.380023004895122,-0.8522566342176757,-1.0,1.5687939213530209,-0.049516793615591595,-1.6958430809727807,-0.8942370614463659,-1.23509557735254,-0.8572063846850119,-0.5780776165550285,0.5687862681670631
P21,27,0.1453275435139024,-0.5417641049052394,0.7174566176507781,0.1281456450438628,0.35745734474387103,-8.429328807413881,-0.0312986053800306,1.5738333442829138,0.032786252309097805,0.020829086410785336,8.538251426021237,0.8551522149841562,-1.0,-1.0349144057109247,-0.30580851649434465,0.6815361585149142,1.0967316813167696,0.8219586295406309,1.4062362044632366,-0.07617513693282116,0.9416676999882115
P22,2,0.2054412466876327,0.7306934837672863,1.7976572400555164,-0.14726548661772995,0.27786702348782316,-9.079624438446595,-0.0664190168172126,-1.371074472998485,-0.0394308362546397,-3.112841501449958,9.111045315866324,-0.6281657742187987,0.0,0.7691421842402744,1.5066985062611202,1.885538278007377,1.0388843746245495,-1.9269550598789684,-0.5720960811427954,-0.6792439403822833,-0.7483976062201642
P22,3,-0.015717778037159,-0.27592843265932193,-1.0066219164266081,0.22468111888586545,0.4476364116850382,-9.127844049985812,-0.0269419874670322,-0.048219611539217055,0.039477029350180395,2.455557377479227,9.101324576806492,-0.7550435841719535,0.0,-1.881413319128414,-1.944112104041895,-0.44664768168959373,1.0302396824511493,0.8837902574828265,-0.7393367382322831,0.21635100416567954,0.9322176124512853
P22,4,0.0078899660805613,0.6614820971464731,0.9374105298057951,0.35148463786989403,0.4740430304856413,-6.9296899771390725,-0.1361804740074933,2.19815407284674,-0.1092384865404611,-0.049654705295770186,7.174665970779023,-0.8157420561886883,0.0,0.5869003527144958,0.4481204155791826,-0.19769718355830884,-0.6831455313505345,-0.38075872396731547,-0.8193448369546255,0.521675985957696,1.193627315939144
P22,5,-0.067329653305899,0.35005066963124004,-0.31143142751523306,-0.4814695979802222,0.2532862254436595,-6.017014619428448,-0.1265061966381255,0.9126753577106248,0.009674277369367795,0.010599513818607208,5.9593204671389515,0.5013845829977699,-1.0,-0.23313572106062913,-1.0886442345996306,-0.9909098523388459,-1.7639571546877975,-0.35034436825945064,0.9167910932678567,-1.4839602844880213,-0.9917327782366971
P22,8,0.1428603063216308,0.5426624138578591,0.8954974831566775,0.2305679269863934,0.5062717243373734,-8.487820447317691,-0.027402591860306,-2.3915458901879525,0.0011487144808943993,3.141112330633304,8.792249869069552,-0.9188009782472707,1.0,0.2740339623549905,0.39654424287448703,1.225604139448743,0.7553783071458247,1.2298359370880483,-0.9551892517532041,0.2305256074456814,1.5126720738916413
P22,11,-0.0149974582199337,0.7274272339071841,0.9156184849872444,-0.27759618180590295,0.3200428231895193,-8.911628110691579,-0.0316488153121142,-1.1369404367505123,0.0166854905527882,3.1269179245810346,8.954601334873283,0.8109004491083096,-1.0,0.7605417589954082,0.4213041767941717,-0.4390517006243181,0.8997581158347626,1.2226710659623254,1.3247713133477936,-0.9930618647908472,-0.3308824605805446
P22,25,0.0442577382484763,-0.061444389796847694,0.9331712725033521,0.9588520872282716,0.3266097911777514,-7.436000776950076,-0.0414444399529559,0.9618975025727696,-0.001843646879536802,-0.0019166747153124303,7.457094636932799,-0.7372276937478686,1.0,-1.316651266050916,0.44290379010690745,0.18581150545410832,-0.43198058753136337,-0.35666213016513104,-0.7158531895939643,1.9841311047290267,-0.2658734123725702
P22,27,-0.0893051192737498,0.8337802953580953,0.42468507070504474,0.2193782264280428,0.2219815058298254,-7.054427459854986,-0.0620667481961289,0.041045992122742625,0.0027785686075786978,0.06759091080508926,6.9924654248450056,0.9895531547245877,-1.0,1.0405820479347894,-0.18281479297434294,-1.2226475046991614,-0.8451772064865954,-0.3215769782623343,1.5602576910612218,0.20358238736306813,-1.3016307448720932
P23,3,0.0583920171430976,0.6912790486208332,0.06265627067658275,-0.0678508020688512,0.29585773464009313,-8.251174437766403,-0.002449799627623,-0.3962914517758307,0.0032123724340041003,3.1334867455208895,8.258393394686161,0.5305794053791149,-1.0,0.7192213468134749,0.18257723190964045,0.48749915470432503,0.8805123794953347,0.9039679053131328,0.343321814859545,-0.08793861735532243,0.6274365137078427
P23,7,-0.1447716950945684,-1.037325955248739,-1.0311392401353896,-0.0032008656991166073,0.12655497002690455,-8.271141621025292,-0.0025790853991045,-0.2124319320737058,0.0005111183522337999,3.139186624698749,8.27130407785167,0.8371600839551001,1.0,-1.7004442332918959,-1.2968586245961606,-0.8843818847269572,0.8992667665783957,0.9061661242268003,0.801184867457391,0.025883177800594133,-1.4178402055994639
P23,24,0.1939553955238209,0.6953576934997391,1.0139610276776436,0.8019462811957558,0.3429511116779959,-7.488104680924781,-0.0045657277422335,-0.05029921785434066,-0.0012517922304309996,-3.1167108772163306,7.4836996808905205,-0.8437678730879711,1.0,0.7249305496706167,1.4692842571808788,1.4029029263395005,-0.24482743351710204,-1.5064871586869826,-1.7091977475972286,1.4434142500684548,1.1963521360206084
P23,25,-0.1627852766097506,0.36056334571062304,-0.33479434778911604,-0.8025038891377738,0.2103167764803032,-6.528091651817615,-0.0024556912536982,0.9600130291071665,0.0021100364885353,0.0021979213060621884,6.595566907633693,0.6788061177656675,-1.0,0.2562923368078045,-0.3550028644943586,-1.0060201963168685,-1.5349517125566294,-0.303646870852951,0.5646910652802923,-1.3813588105137262,-0.40594844412898784
P24,5,0.1715569962723628,1.524246591668128,1.5078222250958928,0.24804135946360242,0.18464479457317265,-9.996291303169592,-0.000724896346555,-1.677250996145009,-0.0006310339387456802,-3.1412164225364676,10.135206080335898,0.7554259380810018,-1.0,1.4368330342529263,1.0915046329791598,1.1323876857551554,1.1970493171836714,-1.141252708449429,0.9111706911038622,0.38535939705856187,-1.0271243597752309
P24,6,-0.156671719625899,0.17107344666637822,-1.35317314500175,-0.6451822802116381,0.3620610908246867,-6.716135206157841,-0.000659269895,3.2801560970117505,6.562645155500004e-05,2.0007112346278236e-05,7.473728021916846,-0.9319373357666598,1.0,-0.18458498527101846,-1.3035093457454616,-1.4075279271373518,-0.5995200456119462,0.25705409021355635,-1.400680721354979,-1.3729932568433556,0.7598054883964717
P24,14,0.0917081824053163,0.18492135796665862,0.7813916125072163,0.8588889117671307,0.30613322331087073,-7.493262808118379,-0.0006915755309206,0.9882779149796761,0.0011147003782789001,0.001127921497256108,7.5573219388656,-0.5984069929581144,0.0,-0.1679919476409265,0.48339058641081734,0.5144976621573354,-0.543091900494934,0.2575472731532847,-0.9437117887779676,1.5878414709912634,0.19650224108174041
P24,15,-0.1359040025237827,0.4945281265908429,0.30960676862418424,-0.1600991950941644,0.43056320623791083,-6.0867355949406985,-0.0032966987459285,1.4065272131776805,-0.0026051232150079004,-0.0018521648295382746,6.244508206832862,-0.35643709221833836,0.0,0.20298939755358217,0.0884471664178966,-1.2468221559575083,-1.429276523571784,0.25622070157400845,-0.6121895460766723,-0.41808443872323137,1.4497560582204567
P24,17,0.1668629185218392,-0.5407857255672598,-0.0590430971458647,0.5425183969766283,0.2763094627874169,-9.989586839944746,-0.0016882867542441,-3.7719770461727267,-5.632647534659996e-05,-3.1415777207111852,10.676399366102192,-0.9928058126826507,-1.0,-1.0375588219794964,-0.22015926860198576,1.096063742147547,1.5623693593620276,-1.141413538652875,-1.4840764408858262,0.9650512652814672,-0.10388148346932231
P24,18,-0.1377195381990273,0.9383729441628074,1.4791586697300672,0.07818494268909267,0.24232426196790763,-7.308719531061362,-0.0004161081285951,2.680867308883384,0.001272178625649,0.00047453990950626496,7.784056075321642,0.6153456927590939,0.0,0.7348193320610178,1.0675096218377202,-1.2608712235252175,-0.3900402524573726,0.2572564233759013,0.719247162824989,0.050989069235264056,-0.4461790684352372
P24,19,0.0075531416582705,-0.06125465787285921,-0.9996276020356666,-0.7878415493092176,0.3540406173284059,-7.298217548726631,-0.0011695526002596,0.010501982334730542,-0.0007534444716645,-0.07162036160811151,7.297056676661111,0.6900612864529228,0.0,-0.46296841058003557,-1.00754713400282,-0.13671501834219757,-0.7187779614028735,0.2251637130057068,0.8216147759471493,-1.653824723095905,0.6790235997549887
P24,20,0.0890125380444417,-0.050916523975215774,0.010338133897643438,0.7455822846194092,0.3684213819019506,-9.92605048615881,-0.0067072329198707,-2.627832937432178,-0.0055376803196111,-3.1394853384543726,10.260107357676718,0.9509125076007618,0.0,-0.4505809074347018,-0.162078427246184,0.4936380942177855,1.2813610429687972,-1.140482124415001,1.1790062596891913,1.3647920579435875,0.8238660860368988
P24,22,0.1524387816393252,-0.6242266958537636,-1.1273599268678351,-0.26112439695680484,0.2616581423065229,-7.208346936242755,-0.0001315677144512,-0.6376240700204798,0.0007889393009267,3.1403553431816467,7.236431438876378,0.6120333353149912,0.0,-1.1375406264431995,-1.1144752006139858,0.9844461758108107,-0.7597016295397236,1.654959771257195,0.7147089117237571,-0.6169572897269695,-0.25144899804151016
P24,24,-0.1110080976930811,2.0811866974314777,2.497356767663745,0.17977558096338467,0.04921365846102948,-9.686139342722196,-0.0007660074756245,-2.1625586709845868,0.0012265344254581997,3.141025485489155,9.924133365602092,0.7864098371760572,1.0,2.1041775840733408,1.9198698539267198,-1.0541714392049104,1.0545695505692858,1.6552580819910883,0.9536216392764207,0.2509750083514057,-2.3911813523049004
P24,27,0.1395971467178129,-0.5408147905187479,-0.8030089050728412,-0.22363038138572428,0.31748747281933964,-7.35912519741309,-0.0046668121625196,-0.7421726780304967,-0.0018481654632903004,-3.1391024492239272,7.391626243546835,-0.5363669743626923,0.0,-1.037593648591489,-0.8429524853618766,0.8850744040785512,-0.6549409570051496,-1.1403116830534363,-0.858710943469924,-0.5431485604720884,0.3108617885356505
P25,15,0.052971533248518,-0.19796980676621584,-0.32896489236606796,-0.043936825820842206,0.20047011926625732,-8.170891140030152,-0.002506842362013,0.032731704439081355,-0.0017252592962784998,-0.052660386903695997,8.16845697281569,-0.8791933185220533,1.0,-0.5477947583410941,-1.4506681254044662,0.32257926863847547,-0.07279125912253467,-0.7335564301057372,-0.7964894066264795,0.0732473497803395,-0.9790065549306538
P25,16,-0.2213102569491109,0.34278890488382824,0.5407587116500441,-0.2050612886361007,0.3805519920786241,-7.011570958930886,-0.0007045722277483,1.1593201810992664,0.0018022701342647,0.0015545909678505944,7.105779000673232,-0.5751969807103748,1.0,0.2294016117907014,-0.027048932625883114,-1.2029590148803537,-1.0030077705251437,-0.6970998068439744,2.033747754016935,-0.3642894100920288,0.6461735196987939
P25,19,0.0460184031619753,-0.4182941459029818,0.5170229720239274,0.3458456546646631,0.37711220440474,-8.409810296876426,-0.0011632969413842,-1.0572602738162695,0.00014564224642589995,3.141454899198456,8.474871777250732,-0.8145826524747988,-1.0,-0.8644522119145788,-0.06590110857063165,0.28390639090326525,0.19542932876546457,1.4143123362703296,-0.19495746273134307,1.1317096129699118,0.615130559620424
P25,20,-0.0575696940553496,0.23397392640850737,0.6522680723114892,-0.4966798459471216,0.46594014273899836,-6.468615294037272,-0.0011385200554041,1.9411950028391542,2.4776885980100057e-05,1.2763728498433374e-05,6.752510471529978,-0.7516438015967897,-1.0,0.07300911276107998,0.15547671722317113,-0.29224417274893866,-1.3122418257916213,-0.698136601785272,0.39100971004915935,-1.1561855409161526,1.4167736855871602
P25,24,0.3255452266755064,-0.44842273541682814,0.24529705202013435,-0.47823140543978304,0.28467567146717293,-9.84806529106076,-0.0022640779532411,-2.803094689333247,0.0021326989573198,3.1408318164500724,10.23763167085264,-0.8787233660681935,0.0,-0.9077540208413409,-0.5106794647133626,1.838617223995929,1.7384634384882016,1.4138933470184565,-0.7921141009625223,-1.1060884250391299,-0.21907895381843343
P25,26,-0.17581184908633,1.5869771567773712,1.7173194607950053,0.4526011790192324,0.14495722888721438,-8.720212785127732,-0.0037237351076534,0.9694042012562303,-0.0018274731033648998,-0.0018851485646344814,8.770431706843128,-0.862513275782059,1.0,2.0175902665452323,1.898820914091172,-0.9498996959083776,0.45414808818563585,-0.6994128445538028,-0.6411964937457424,1.4216064132970598,-1.4799922561572894
P26,1,0.016956236279487,-0.38986159126429787,-0.7618644233426215,0.05447405664556087,0.33947251901944575,-6.618079947443953,-0.0011275128332411,1.4645530242259381,6.74982709730999e-05,4.608796664155181e-05,6.777077347768153,0.5521527679994058,0.0,-0.8363574156761392,-0.6256614982578125,0.1681672020864127,-0.4736125417474957,0.35349840757504064,1.287813724346126,-0.1760662911839095,0.26696792779550194
P26,5,0.0670247348435729,1.673357348128489,2.3901614922709955,-0.08982700097973222,0.18890445095020572,-7.581222586634998,-0.0011950111042142,-1.2016531474724959,-0.0011699541524524339,-3.140619033385633,7.674501804237912,-0.9382562854216484,1.0,1.4559153649866996,1.5584604015181684,0.8806563536340742,0.3986215803015587,-1.2373153396946182,-0.8304289410641893,-0.6580852012512683,-0.8318220121965724
P26,6,-0.1167461832344571,-0.6547935198241616,-2.3281508679526506,-0.21741711369983283,0.25572640764616067,-6.794638430507981,-0.0022895015032906,0.7865841561270166,-0.0010944903990764,-0.0013914464004834712,6.83786820752962,0.6255190777394237,0.0,-1.1307014801722788,-1.7109826905897771,-1.7344567265586253,-0.41452805635110584,0.35277026581365145,1.392085532906531,-1.0842833738829183,-0.3441801454341125
P26,13,0.0751081359208374,-0.41190529227345124,-0.06835236142068662,0.5391026312927413,0.2557624664121719,-8.555734253155691,-8.232792030955999e-05,-0.871848490546073,-4.772418402032032e-05,-3.1415379145101365,8.599954444182442,-0.6067197826412817,-1.0,-0.8608483578847365,-0.14510869737526683,0.9956854785395853,1.2980971462732758,-1.2377807725467325,-0.35923295381604997,1.4427724143890017,-0.3439170019279913
P26,14,0.0363002418168218,1.114652552878548,1.5265578451519992,0.6879809183173647,0.4525166373439077,-6.193065211975335,-0.0009164379354835,2.3626690411803564,-0.00083411001517394,-0.0003530371651647252,6.627884548297023,-0.853170011883809,-1.0,0.8351844429672652,0.9600466546464804,0.44343797089502734,-0.618617560860352,0.3532962421985917,-0.7095001434063113,1.9400809637875054,1.0919219939728844
P26,15,0.0232639507995806,0.2973449103168408,-0.8173076425617072,0.23996843040928684,0.5620990267227304,-8.723234216102966,-0.0042023516089044,-2.5301690041276315,-0.0032859136734209,-3.14029396096463,9.077811124213051,-0.9101843627839554,-1.0,-0.07285882219551487,-0.6640795673132224,0.2579277959830715,1.7625405863499717,-1.2371506835927388,-0.7905317436506547,0.4435535323754874,1.8916136456873371
P26,16,-0.0645013208767922,0.34886833094275665,0.05152342062591586,-0.1312754345694964,0.2833430385216223,-6.028153230354909,-0.0004288442494673,2.6950809857480573,0.0037735073594371,0.001400145269667876,6.6012572452587195,-0.8832629380535664,-1.0,-0.015615389415575292,-0.062043605960944895,-0.9909972915549619,-0.6444974464827149,0.3541842664262759,-0.7522696904601928,-0.7965383013998255,-0.14264421174279768
P26,24,0.0897812705312669,-0.5052911782908865,-0.6631774063035952,-0.004842709658760778,0.3293443124314671,-5.550085602592808,-0.0013101876040178,0.39276852622972136,0.0003222205116908,0.0008203825354748046,5.562636309238251,-0.888155054271085,1.0,-0.9646017310865402,-0.5572786610257964,1.2044884091037646,-1.653964721126915,0.3538906042585272,-0.7592226066896717,-0.37420623217431975,0.1930560309920262
P26,26,-0.0809389292706062,1.7939387054911624,1.9401674564767772,-0.11351967923784587,0.05883834586087008,-7.59435104528696,-0.0001075242555841,-0.6296909908005324,0.00018848361208599997,3.1412933264448752,7.620320387556769,0.7164259289119659,-1.0,1.5898833884768204,1.2466476643581712,-1.2249091921283495,0.3459610136437756,1.9446070095620016,1.5212868218344129,-0.7372275106597532,-1.7809962271462725
