t,valid,kappa,MQ,a,kL,kS,mL,g,h,MRS_old,MRS_valley,MRS_gmm,MRS_h
0.0,0,,1.307324533032784,,0.6518733704361583,-0.0042842209247133,0.2980531858150911,-0.00389310329677112,,0,0,0,0
1.0,0,,1.307324533032784,,0.7289187585835658,0.0029385246090523,-0.7112181614026017,-0.007145041079814458,,0,0,0,0
2.0,1,1.358916323846156,1.307324533032784,0.2798607076056464,0.7695282278481921,0.0051702138707552,-0.7112181614026017,-0.008268063517637427,-0.020822896561671182,0,0,0,0
3.0,1,0.411196056992989,1.307324533032784,0.5431616251665908,0.7695282278481921,0.021984105131095,-0.7112181614026017,-0.014184628577742036,0.006344094613914497,1,0,0,1
4.0,1,0.4984128284041725,1.307324533032784,0.5895561043502477,0.929577617400164,0.0267240385842128,-0.7112181614026017,-0.017183572143909445,0.016916050269134564,1,0,0,1
5.0,1,1.183873515336908,1.307324533032784,0.399440003130976,0.929577617400164,0.0170499632992379,-0.7112181614026017,-0.013779405021994366,-0.01932271240235769,0,0,0,0
6.0,1,0.3280698469908278,1.307324533032784,0.3114733834956797,0.7695282278481921,0.0137182548551746,-0.7112181614026017,-0.011275995461389984,-0.02302812614921785,0,0,0,0
7.0,1,0.1167463021176555,1.307324533032784,0.3199622018052164,0.7695282278481921,0.0044180001458546,-0.7112181614026017,-0.008003370391366543,-0.01942162963515889,0,0,0,0
8.0,1,0.4510816308774996,1.307324533032784,0.3621211582356235,0.7695282278481921,-0.0057346439718539,-0.7112181614026017,-0.004430801821460332,-0.013381724440967413,0,0,0,0
9.0,1,0.7289187585835658,1.307324533032784,0.3293793319519256,0.929577617400164,-0.0087323934179472,-0.7112181614026017,-0.004706966729267598,-0.015693046629926655,0,0,0,0
10.0,1,1.2697792803049917,1.307324533032784,0.3684167145736655,0.929577617400164,-0.0151716971625681,-0.7112181614026017,-0.002441068909606377,-0.010901317551198733,0,0,0,0
11.0,1,0.2326690603945052,1.307324533032784,0.3966885162247826,0.6924828397007845,-0.0185314090298632,-0.7112181614026017,0.0007129324234591642,-0.00512363453594419,0,0,0,0
12.0,1,2.0397753863660473,1.307324533032784,0.4821801371328443,0.8331457863358296,-0.0240994587807801,-0.7112181614026017,0.0015024437907070695,0.008226700343663691,1,0,0,1
13.0,1,1.7361208938801962,1.307324533032784,0.4162875910294288,0.8331457863358296,-0.0141653963608969,-0.7112181614026017,-0.0019932090423178165,-0.005588164634666295,0,0,0,0
14.0,1,1.448438021087989,1.307324533032784,0.3867605120469295,0.6924828397007845,-0.0137867064372505,-0.7112181614026017,-0.0009566597694115258,-0.007794579470475661,0,0,0,0
15.0,1,2.391202843152046,-0.7112181614026017,0.3576549092916135,0.6924828397007845,-0.0050103670768058,-0.7976954313186979,-0.004050891881078516,-0.013329962715152362,0,0,0,0
16.0,1,1.630472134425865,-0.7112181614026017,0.3096627792232285,0.553556401125967,0.0001575928931362,-0.7976954313186979,-0.004714058882605897,-0.01653070803289283,0,0,0,0
17.0,1,0.2727997045757399,-0.7112181614026017,0.3132368932840976,0.553556401125967,0.0065565005767828,-0.7976954313186979,-0.006965741912886971,-0.018652785942864708,0,0,0,0
18.0,1,0.1120286427140212,-0.7112181614026017,0.439224773515148,0.6924828397007845,0.0168154785840544,-0.7976954313186979,-0.011731091178482058,-0.012236647955165672,0,0,0,0
19.0,1,0.2348866842357899,-0.7112181614026017,0.2412740726419857,0.6924828397007845,0.007909602433575,-0.7976954313186979,-0.008597242217186916,-0.021271617851219567,0,0,0,0
20.0,1,0.0361178172321792,-0.7112181614026017,0.2506460663050449,0.7148852071935123,0.0014531412203679,-0.7976954313186979,-0.006511613256709042,-0.019237554395110053,0,0,0,0
21.0,1,1.6899035240279183,-0.7112181614026017,0.3001148620451012,0.8331457863358296,-0.0002134158170161,-0.7976954313186979,-0.006908674401864015,-0.019027442638068836,0,0,0,0
22.0,1,1.0490175376875095,-0.7112181614026017,0.2698948082401533,0.7148852071935123,0.0002185495012036,-0.7976954313186979,-0.006077178293618032,-0.01874894568960993,0,0,0,0
23.0,1,0.5322848199631834,-0.7112181614026017,0.2653255224015025,0.5972303497814786,-0.0024821757227915,-0.7976954313186979,-0.004148371113986651,-0.016853103914690963,0,0,0,0
24.0,1,0.1500795404121746,-0.7112181614026017,0.3962292976025373,0.7148852071935123,0.0073476679245569,-0.7976954313186979,-0.008585811918033882,-0.014470652859090515,0,0,0,0
25.0,1,1.060086965042132,-0.7112181614026017,0.4603182285582413,0.8331457863358296,0.0098747161050918,-0.7976954313186979,-0.010458542063543144,-0.007656895087855109,0,0,0,0
26.0,1,1.2506917634558046,-0.7112181614026017,0.3329439086078297,0.7148852071935123,0.0038174114849591,-0.7976954313186979,-0.007343565755005494,-0.01814871939247275,0,0,0,0
27.0,1,0.8101376971128182,-0.7112181614026017,0.3324399242261653,0.7148852071935123,0.0056047833409516,-0.7976954313186979,-0.007972516050260696,-0.018803835552335647,0,0,0,0
28.0,1,0.3823395310029052,-0.7112181614026017,0.3498589059789565,0.5972303497814786,0.0006637372810957,-0.7976954313186979,-0.005255372382921442,-0.015068236041012824,0,0,0,0
29.0,1,0.5748279822887508,-0.7112181614026017,0.4176784194614904,0.7378932964165237,-0.0001061169880573,-0.7976954313186979,-0.006154276582266322,-0.009576455052052665,0,0,0,0
30.0,1,1.8416367237202709,-0.8841727012347941,0.455755686249044,0.7378932964165237,-0.0085905984651656,-0.0122655735635442,-0.003114530717766153,-0.0010672258761758313,0,0,0,0
31.0,1,1.280421146638779,-0.8841727012347941,0.4174032708733486,0.6059070215276372,-0.0056829521481853,0.4387922170755304,-0.0030089286671974953,-0.006465434281049769,0,0,0,0
32.0,1,3.0226862448875655,-0.8841727012347941,0.4211208071757176,0.6059070215276372,-0.0047569327034243,0.4387922170755304,-0.0033347815115520795,-0.006321360867407384,0,0,0,0
33.0,1,2.2790458232002626,-0.8841727012347941,0.2828455564680198,0.5208559509008905,0.0048150906628449,0.4387922170755304,-0.005995722068103137,-0.018503256347301482,0,0,0,0
34.0,1,0.0804599728878772,-0.8841727012347941,0.3949537836274986,0.4086585712859543,0.0096749133433458,0.4387922170755304,-0.00677274869685875,-0.012790671693431992,0,0,0,0
35.0,1,0.3019686606103153,-0.8841727012347941,0.3678612356617765,0.5208559509008905,0.0039359710290932,0.4387922170755304,-0.005686372588665493,-0.014191250950607276,0,0,0,0
36.0,1,0.2308475760222446,-0.8841727012347941,0.3559327504311655,0.5208559509008905,-0.003555325508149,0.4387922170755304,-0.0030502937262026873,-0.012451523777964671,0,0,0,0
37.0,1,0.3179198159679213,-0.8841727012347941,0.355080444751566,0.5208559509008905,-0.0106581697964364,0.4387922170755304,-0.000550905589765106,-0.010011698488794272,0,0,0,0
38.0,1,1.0834095878664118,-0.8841727012347941,0.3766263957104886,0.5208559509008905,-0.016887550002454,0.4387922170755304,0.0016411231739730829,-0.006128976121605505,0,0,0,0
39.0,1,0.2965791872873817,-0.8841727012347941,0.3913095466975768,0.4421836172897322,-0.0175543076763263,0.4387922170755304,0.002530013601930051,-0.003860048132998211,0,0,0,0
40.0,1,0.1659381587571377,-0.8841727012347941,0.4150359211261249,0.4421836172897322,-0.024557510653445,0.4387922170755304,0.004994339402643225,0.001245469516082627,0,0,0,1
41.0,1,0.856153875558841,-0.8841727012347941,0.4614750993873444,0.4421836172897322,-0.0337841120202106,0.4387922170755304,0.00824104692708665,0.011237440258363686,0,0,0,1
42.0,1,1.3702458663504715,-0.8841727012347941,0.4562106408695737,0.4421836172897322,-0.033859534164761,0.4387922170755304,0.00826758688849687,0.01038913291644052,0,0,0,1
43.0,1,0.1675848614003319,-0.8841727012347941,0.489676112418821,0.4105198998761464,-0.0343824242547225,0.4387922170755304,0.00871491146057907,0.016904360914017872,1,0,0,1
44.0,1,1.668568696228156,-0.8841727012347941,0.4853590525316196,0.4421836172897322,-0.0386119318784611,0.4387922170755304,0.009939886883140155,0.0172778789592071,1,0,0,1
45.0,1,0.1166682309173006,0.8596415541077055,0.4812696358503505,0.4421836172897322,-0.027330281746991,0.4387922170755304,0.005970037432190893,0.01252056617293857,1,0,0,1
46.0,1,0.9637955660602028,0.8596415541077055,0.5644059136705677,0.5208559509008905,-0.0238720537724571,0.4387922170755304,0.00409886899425467,0.030495916895726144,1,0,0,1
47.0,1,2.967433783071132,0.8596415541077055,0.6404057616460407,0.5208559509008905,-0.0103929252274282,0.4387922170755304,-0.0006442413158666615,0.051673730427102146,1,0,0,1
48.0,1,0.3545769429198568,0.8596415541077055,0.5952893740537265,0.4947088119741443,0.0018014512889725,0.4387922170755304,-0.004717816755632917,0.031255832602673686,1,0,0,1
49.0,1,0.6196327172742064,0.8596415541077055,0.562667919472868,0.5660341868543219,-0.0015713605811333,0.4387922170755304,-0.004124141098344613,0.02177122159630234,1,0,0,1
50.0,1,1.6010791384298215,0.8596415541077055,0.4836904955158115,0.4947088119741443,-0.0068188969785004,0.4387922170755304,-0.0016844409251630392,0.005330017147352636,1,0,0,1
51.0,1,0.266438577056283,0.8596415541077055,0.4308413604385623,0.4421836172897322,-0.0040885630310775,0.4387922170755304,-0.002208387107505706,-0.0039029661363930365,0,0,0,0
52.0,1,0.3677865665511957,0.8596415541077055,0.4758513911822273,0.4421836172897322,-0.0103592037728895,0.4387922170755304,-1.8393582059673942e-06,0.005533688617242523,1,0,0,1
53.0,1,2.8154127522019436,0.8596415541077055,0.5313658542707743,0.4421836172897322,-0.0174173974203348,0.4387922170755304,0.0024818368637540417,0.019995840159127996,1,0,0,1
54.0,1,2.249500817968542,0.8596415541077055,0.4087680662325451,0.4105198998761464,-0.0064892603367361,0.4387922170755304,-0.001100289345566368,-0.005597606330829518,0,0,0,0
55.0,1,0.0909472508162483,0.8596415541077055,0.3333773743242618,0.3756332691691084,0.0023571133895422,0.4387922170755304,-0.003923070217935206,-0.014705564378143028,0,0,0,0
56.0,1,1.036284926019949,0.8596415541077055,0.3790215029252066,0.4105198998761464,-0.0021782014965522,0.4387922170755304,-0.0026172885761996515,-0.010175152451403595,0,0,0,0
57.0,1,0.4495305760207129,0.8596415541077055,0.3507390157947049,0.3756332691691084,-0.0031022477970622,0.4387922170755304,-0.0020020000059882033,-0.0117570593733884,0,0,0,0
58.0,1,1.5284973348631876,0.8596415541077055,0.367823170760907,0.3526819224892488,-0.0059506312523867,0.4387922170755304,-0.0008088232434583096,-0.009316750399184219,0,0,0,0
59.0,1,0.2060119665218447,0.8596415541077055,0.3970097249875962,0.338450298677716,-0.0021889898809042,0.4387922170755304,-0.0020141350004205787,-0.007816822075243448,0,0,0,0
60.0,1,0.5921813257810681,0.0179428800433552,0.4131334972383184,0.338450298677716,-0.00690726471841,1.0318161995533568,-0.0003129350745445168,-0.004292892418220649,0,0,0,0
61.0,1,0.7987799224369948,0.0179428800433552,0.3812947279761889,0.338450298677716,0.0041927839465839,1.6554687272035475,-0.004175861537306889,-0.011527688161350545,0,0,0,0
62.0,1,0.2432725821978302,0.0179428800433552,0.575550165961016,0.338450298677716,0.0198813718584605,1.6554687272035475,-0.009696448630714363,0.02001070551255109,1,0,0,1
63.0,1,0.1161237430391243,0.0179428800433552,0.6045383373015543,0.3526819224892488,0.0243741451310839,1.6554687272035475,-0.011395745956726848,0.0276956772659665,1,0,0,1
64.0,1,0.6743605895199838,0.0179428800433552,0.5825560516809143,0.3756332691691084,0.0236454773135241,1.6554687272035475,-0.011330210131453182,0.020541401554528542,1,0,0,1
65.0,1,0.2069191992279138,0.0179428800433552,0.5674484964900443,0.3756332691691084,0.0251162156384647,1.6554687272035475,-0.011847741668392862,0.015436971963856433,1,0,0,1
66.0,1,0.3366001495216097,0.0179428800433552,0.5843237322972511,0.4105198998761464,0.0275138638406068,1.6554687272035475,-0.012981569426749625,0.019446471750774567,1,0,0,1
67.0,1,0.3862031411935414,0.0179428800433552,0.5140170184153475,0.4105198998761464,0.0216532079107532,1.6554687272035475,-0.01091928940084883,0.0024671259619391053,1,0,0,1
68.0,1,0.4348366585587515,0.0179428800433552,0.4787897306217508,0.4383628554175947,0.0183236944702044,1.6554687272035475,-0.0099792340492426,-0.0038972573400471167,1,0,0,0
69.0,1,0.2490530351532929,0.0179428800433552,0.4544310987563806,0.4908880501020068,0.0157967279015963,1.6554687272035475,-0.00952684990505221,-0.007694467673379522,0,0,0,0
70.0,1,0.0407993737293879,0.0179428800433552,0.4443995292339542,0.622275245222982,0.0138071168043101,1.6554687272035475,-0.009919398765066926,-0.00965584194725503,0,0,0,0
71.0,1,0.7127850914172988,0.0179428800433552,0.3877485888486777,0.622275245222982,0.0030078162543913,1.6554687272035475,-0.00611928115291539,-0.012861488078994537,0,0,0,0
72.0,1,0.0839934466777441,0.0179428800433552,0.4278735711275091,0.622275245222982,0.0113783321342355,1.6554687272035475,-0.009064744580917607,-0.01116356833364637,0,0,0,0
73.0,1,0.7063638087391618,0.0179428800433552,0.4864207788987261,0.7055136256287751,0.0125175570850402,1.6554687272035475,-0.010157862331477904,-0.00261239171820362,1,0,0,0
74.0,1,1.543250468210816,0.0179428800433552,0.5401375953597742,0.622275245222982,0.0070568866299573,1.6554687272035475,-0.00754409043347061,0.012195425612635626,1,0,0,1
75.0,1,1.9809054810788815,2.0456895190633584,0.547513598022529,0.622275245222982,0.019348382019766,1.6554687272035475,-0.011869289819725553,0.009815172651521875,1,0,0,1
76.0,1,2.7571632457433,2.0456895190633584,0.5319709524974652,0.622275245222982,0.0326300266461713,1.2652479353437367,-0.016569826144480677,0.001094676664011203,1,0,0,1
77.0,1,0.5398870479275758,2.0456895190633584,0.6450567278205203,0.622275245222982,0.0499168018737542,1.2652479353437367,-0.022652792230662674,0.03151613213354376,1,0,0,1
78.0,1,0.7526096954122325,2.0456895190633584,0.6266059548120262,0.573276247397413,0.0415912938947991,1.2652479353437367,-0.01931567275174493,0.027696062509698596,1,0,0,1
79.0,1,0.2061424454108693,2.0456895190633584,0.6282488930476722,0.407033390181988,0.0368880200834994,1.2652479353437367,-0.016278122029045966,0.031350909589835316,1,0,0,1
80.0,1,0.3650633971446754,2.0456895190633584,0.6126594939976098,0.573276247397413,0.0356859842485936,1.2652479353437367,-0.017237679729139165,0.02468886269644581,1,0,0,1
81.0,1,0.3113545934170514,2.0456895190633584,0.6025875443039953,0.6485064460789702,0.029461356562597,1.2652479353437367,-0.015672965298492658,0.02275106859226917,1,0,0,1
82.0,1,0.0840440433328141,2.0456895190633584,0.583766585200665,0.6485064460789702,0.019811832201966,1.2652479353437367,-0.012277437291635315,0.019974775087196306,1,0,0,1
83.0,1,0.2359288652098178,2.0456895190633584,0.5621285431236552,0.6857588351637456,0.0121073422761013,1.2652479353437367,-0.009876143323530841,0.015864315735300852,1,0,0,1
84.0,1,0.3403004478338223,2.0456895190633584,0.5441463797520055,0.6857588351637456,0.0036238223867446,1.2652479353437367,-0.006890915419597316,0.01389725818380376,1,0,0,1
85.0,1,0.4418890522764379,2.0456895190633584,0.5318360049382754,0.7518484382718612,-0.0011918058268918,1.2652479353437367,-0.005745990963684945,0.011884909200500983,1,0,0,1
86.0,1,0.0153051889594605,2.0456895190633584,0.5252193434602446,0.7518484382718612,-0.011244474059843,1.2652479353437367,-0.0022086024611081404,0.01380179072925996,1,0,0,1
87.0,1,0.2738407015444436,2.0456895190633584,0.4994903938039565,0.7518484382718612,-0.0237099658697175,1.2652479353437367,0.002177823747873607,0.01238095390699203,1,0,0,1
88.0,1,0.1328997471798972,2.0456895190633584,0.468193256848476,0.8464459860844047,-0.0266855711402586,1.2652479353437367,0.002438188203873901,0.006593558070778875,1,0,0,1
89.0,1,0.135955881104453,2.0456895190633584,0.5205508469587226,0.8464459860844047,-0.0353704308500994,1.2652479353437367,0.005494264677519174,0.020392984453015656,1,0,0,1
90.0,1,2.1701628409619182,1.2652479353437367,0.6188933435875941,0.8464459860844047,-0.0446587003829954,0.3146950668610228,0.008697102425755762,0.052862570282647875,1,0,0,1
91.0,1,2.7693659598848575,1.2652479353437367,0.5499251294742257,0.8464459860844047,-0.0340985967139455,0.0730611622869968,0.004964486631444234,0.027299578178063652,1,0,0,1
92.0,1,1.763735367431971,1.2652479353437367,0.4592416583741274,0.8464459860844047,-0.0203493533339833,0.0730611622869968,0.00012632681910850431,0.0027480117369712356,0,0,0,1
93.0,1,1.1951892255014542,1.2652479353437367,0.4300387135802027,0.7883160690781863,-0.0160110291692538,0.0730611622869968,-0.0009168369238844022,-0.0027215993217135533,0,0,0,0
94.0,1,1.0137795473827345,1.2652479353437367,0.4143758632138373,0.7411310733247134,-0.0159350717628323,0.0730611622869968,-0.000551157464303902,-0.004380593240424082,0,0,0,0
95.0,1,1.6805375098930877,1.2652479353437367,0.4274903962092744,0.7411310733247134,-0.0102231491079214,0.0730611622869968,-0.0025611004027229533,-0.004711486765392039,0,0,0,0
96.0,1,0.3635047543381038,1.2652479353437367,0.3869435033056295,0.6857588351637456,-0.0076575895779276,0.0730611622869968,-0.0030033877913912895,-0.009823646806747945,0,0,0,0
97.0,1,0.7046634425183882,1.2652479353437367,0.3994160268026546,0.6857588351637456,-0.0158374334047742,0.0730611622869968,-0.00012501910007058014,-0.005670911751867964,0,0,0,0
98.0,1,0.7990334340253342,1.2652479353437367,0.4174117961416891,0.7222264659700708,-0.0171880443663857,0.0730611622869968,4.6963130956442255e-05,-0.003408479968522917,0,0,0,0
99.0,1,1.1060368381665169,1.2652479353437367,0.4308974479925031,0.7222264659700708,-0.0178695314199961,0.0730611622869968,0.00028676856492018313,-0.0014000873121289385,0,0,0,0
100.0,1,0.0222532871521636,1.2652479353437367,0.4129601001853629,0.6617664400157537,-0.0185975123135324,0.0730611622869968,0.0010457423119654573,-0.0029551071786070755,0,0,0,0
101.0,1,2.273966233024769,1.2652479353437367,0.4886192794724097,0.7222264659700708,-0.0250804449547419,0.0730611622869968,0.002824184705569722,0.010803270556471498,1,0,0,1
102.0,1,1.9329403897181516,1.2652479353437367,0.3862339239836042,0.6617664400157537,-0.0213957258406748,0.0730611622869968,0.0020303931657778794,-0.004858182806286037,0,0,0,0
103.0,1,0.3721777280875382,1.2652479353437367,0.3018879648206598,0.6262636536964004,-0.0170402231977041,0.0730611622869968,0.000793009027353103,-0.01127444765071678,0,0,0,0
104.0,1,2.2061131373241984,1.2652479353437367,0.3353041468010143,0.6262636536964004,-0.0211569035425461,0.0730611622869968,0.0022416092778711587,-0.008438425191893072,0,0,0,0
105.0,1,1.937462818628289,-0.635857801621691,0.2394617145984883,0.6262636536964004,-0.0119896216455329,0.0730611622869968,-0.0009842245834394009,-0.013642973780515284,0,0,0,0
106.0,1,1.7254692332074424,-0.635857801621691,0.2513650090351574,0.6262636536964004,-0.0029493989508298,0.0730611622869968,-0.004165348149832928,-0.01689318817734021,0,0,0,0
107.0,1,0.0546058226497481,-0.635857801621691,0.2131924397593124,0.6262636536964004,0.0176792941496199,0.0730611622869968,-0.011424286782416613,-0.023661286485185277,0,0,0,0
108.0,1,0.355191273030139,-0.635857801621691,0.241402398610124,0.6617664400157537,0.0238091926358828,0.0730611622869968,-0.013876563591706996,-0.02655197707637948,0,0,0,0
109.0,1,1.4546296388635327,-0.635857801621691,0.2103110032464756,0.6617664400157537,0.0165403678838877,0.0730611622869968,-0.011318769331604908,-0.02348826777551766,0,0,0,0
110.0,1,0.5923494496395524,-0.635857801621691,0.2070650837035051,0.6617664400157537,0.023542289066031,0.0730611622869968,-0.013782644087212087,-0.02587131922234833,0,0,0,0
111.0,1,0.1345782244003768,-0.635857801621691,0.1999637801394596,0.6617664400157537,0.0209463898366755,0.0730611622869968,-0.012869184707574893,-0.024763735589964298,0,0,0,0
112.0,1,0.666854227809103,-0.635857801621691,0.2937595771071695,0.676248150860677,0.024131605296172,0.0730611622869968,-0.014110451173464557,-0.026395484167090207,0,0,0,0
113.0,1,0.4239387521149187,-0.635857801621691,0.2834038303721249,0.6711603630673277,0.0214271455660916,0.0730611622869968,-0.013116479010569978,-0.025614528355957157,0,0,0,0
114.0,1,0.8938585381434753,-0.635857801621691,0.3039096438604848,0.7316203890216448,0.0190702118122512,0.0730611622869968,-0.012789915927772266,-0.024796216625961452,0,0,0,0
115.0,1,0.0116990400772398,-0.635857801621691,0.3130721612213768,0.7316203890216448,0.0207969348028009,0.0730611622869968,-0.013397524764785717,-0.025090742841818617,0,0,0,0
116.0,1,0.0640465490481869,-0.635857801621691,0.3989424215262563,0.7856219869118958,0.022018214202065,0.0730611622869968,-0.01427637245645639,-0.01987322440300217,0,0,0,0
117.0,1,1.2619748878187582,-0.635857801621691,0.3919973158730823,0.7856219869118958,0.0116097493969775,0.0730611622869968,-0.010613784288043037,-0.016934526894410506,0,0,0,0
118.0,1,0.5958486551703962,-0.635857801621691,0.3537081228412543,0.7316203890216448,0.0110464829733566,0.0730611622869968,-0.009966481841937805,-0.019521938774940212,0,0,0,0
119.0,1,0.530980741711304,-0.635857801621691,0.3865093656319912,0.7856219869118958,0.0121430316633982,0.0730611622869968,-0.010801438601718808,-0.017663548466331343,0,0,0,0
120.0,1,1.4602245868278287,0.7819801261956848,0.4252088026907564,0.8209555103950121,0.0132433875815849,-0.1111382891246555,-0.011495190728339627,-0.013949634060005163,0,0,0,0
121.0,1,1.2650525111613415,0.7819801261956848,0.4355751088128003,0.8209555103950121,0.0205035462469878,-0.7163568481722552,-0.014091683987440864,-0.015123477745610028,0,0,0,0
122.0,1,0.7775987041310385,0.7819801261956848,0.4576435844888104,0.8209555103950121,0.0283328576022158,-0.7163568481722552,-0.016846705373732743,-0.014489913043987938,0,0,0,0
123.0,1,0.6566786522224044,0.7819801261956848,0.4255660772496733,0.8209555103950121,0.0201145300626522,-0.7163568481722552,-0.013954794820714524,-0.016361961098815988,0,0,0,0
124.0,1,1.687035295914892,0.7819801261956848,0.4141268256595437,0.8209555103950121,0.0163712604028702,-0.7163568481722552,-0.012637592387518326,-0.01649731800858692,0,0,0,0
125.0,1,0.5330391722162922,0.7819801261956848,0.4739553372078975,0.8209555103950121,0.0232749420320429,-0.7163568481722552,-0.015066898065829452,-0.009878988227364625,1,0,0,0
126.0,1,0.1962264362802188,0.7819801261956848,0.4495679455717275,0.8209555103950121,0.0157572184986968,-0.7163568481722552,-0.0124215199258008,-0.011362607697775279,0,0,0,0
127.0,1,0.8785342210914884,0.7819801261956848,0.4304229196222895,0.8209555103950121,0.0074623365917019,-0.7163568481722552,-0.009502670998522315,-0.011254770685413949,0,0,0,0
128.0,1,0.893361248225838,0.7819801261956848,0.4501376244796204,0.7927715601338576,0.0020395820949695,-0.7163568481722552,-0.0073600940591002015,-0.006211839414372644,0,0,0,0
129.0,1,0.5644840168312717,0.7819801261956848,0.4714141898849455,0.7387699622436067,-0.0031425664268798,-0.7163568481722552,-0.0050874738316446615,-0.00035933966862874284,1,0,0,0
130.0,1,0.7936452696927531,0.7819801261956848,0.4712180384090884,0.7387699622436067,-0.0084662505255783,-0.7163568481722552,-0.003214146423866631,0.001478787710793586,1,0,0,1
131.0,1,0.015827244968576,0.7819801261956848,0.4120731875173255,0.7387699622436067,-0.0034206862920173,-0.7163568481722552,-0.0049896074751234355,-0.009096874577456969,0,0,0,0
132.0,1,0.328609835617345,0.7819801261956848,0.3798994638804513,0.8200818008361168,-0.0106973241385808,-0.7163568481722552,-0.003105283043515742,-0.010584104332331559,0,0,0,0
133.0,1,0.5731794518976832,0.7819801261956848,0.3606281070090152,0.8267523129283014,-0.0169544344117349,-0.7163568481722552,-0.0009589709012917898,-0.010021421648680747,0,0,0,0
134.0,1,0.6856420739122511,0.7819801261956848,0.3628553331433038,0.8267523129283014,-0.0239615137342724,-0.7163568481722552,0.0015067189292887495,-0.007388685112596143,0,0,0,0
135.0,1,0.8482657510972713,-1.004256704444996,0.3764496671550206,0.8267523129283014,-0.0315123377679829,-0.7163568481722552,0.004163744656475882,-0.0036218186578137503,0,0,0,0
136.0,1,2.795975457539188,-1.004256704444996,0.3426817686612218,0.8622495297279644,-0.0267671054243917,-0.6945990575643513,0.002200259016836632,-0.008060976553604802,0,0,0,0
137.0,1,2.408585677717877,-1.004256704444996,0.3186532274374773,0.8622495297279644,-0.0108124805371165,-0.6945990575643513,-0.003413942639016125,-0.014887090611294559,0,0,0,0
138.0,1,0.1728115326273402,-1.004256704444996,0.3225069100901152,0.7985683626671469,-0.0070228553428329,-0.6945990575643513,-0.004217860916915937,-0.01552581883917138,0,0,0,0
139.0,1,1.1969375378794425,-1.004256704444996,0.3762920635112257,0.7985683626671469,-0.0181823384474838,-0.6945990575643513,-0.0002910002751116624,-0.008090331450999067,0,0,0,0
140.0,1,0.6132512935445703,-1.004256704444996,0.3840134590812935,0.719388953572048,-0.0208088584612711,-0.6945990575643513,0.0012917191912812027,-0.005807767288245148,0,0,0,0
141.0,1,2.000107231358836,-1.004256704444996,0.4123299750186687,0.7985683626671469,-0.0227075728704316,-0.6945990575643513,0.0013013642442634046,-0.002775168173085714,0,0,0,0
142.0,1,0.6468800565691337,-1.004256704444996,0.3760958346122455,0.719388953572048,-0.0191278168740355,-0.6945990575643513,0.0007001849791454723,-0.00711625836915172,0,0,0,0
143.0,1,0.9590373209566532,-1.004256704444996,0.4058775606996754,0.7985683626671469,-0.0204846950163533,-0.6945990575643513,0.0005191656894682907,-0.004310891385778622,0,0,0,0
144.0,1,1.1265794187784484,-1.004256704444996,0.4211957998908502,0.6750595148214789,-0.0221894205183627,-0.6945990575643513,0.0021461789143324213,-0.0008307841068708015,0,0,0,0
145.0,1,2.007283462174815,-1.004256704444996,0.4238562559231673,0.5542871681176087,-0.0231193233448929,-0.6945990575643513,0.003477785500788704,0.000845488116376681,0,0,0,1
146.0,1,0.2863419403656801,-1.004256704444996,0.3382407305763794,0.5542871681176087,-0.0127510009778114,-0.6945990575643513,-0.0001706771244974648,-0.010689068225037603,0,0,0,0
147.0,1,0.5471343198635941,-1.004256704444996,0.4212594972009635,0.6750595148214789,-0.0131972500122406,-0.6945990575643513,-0.0010180357821500399,-0.003986826623593398,0,0,0,0
148.0,1,1.4671722857981568,-1.004256704444996,0.508263002262802,0.6750595148214789,-0.0173729133147651,-0.6945990575643513,0.00045131971777236167,0.012547531998645195,1,0,0,1
149.0,1,1.597195253694684,-1.004256704444996,0.48083269966033,0.6750595148214789,-0.0124078603561304,-0.6945990575643513,-0.0012958105807278208,0.005171673066084813,1,0,0,1
150.0,1,1.6321670872840404,-0.4284569918995145,0.4284606768406411,0.6750595148214789,-0.0064674371502786,-0.6945990575643513,-0.0033861595569271044,-0.0054056994401852215,0,0,0,0
151.0,1,1.9408760765025737,-0.4284569918995145,0.3449858057126383,0.6750595148214789,0.003023045811745,-0.9383771426637688,-0.006742539207730401,-0.016864279681520218,0,0,0,0
152.0,1,0.0211718805209577,-0.4284569918995145,0.422924466021296,0.6750595148214789,0.0178715133180974,-0.9383771426637688,-0.011967500085847071,-0.01472129112076186,0,0,0,0
153.0,1,0.7918978505749623,-0.4284569918995145,0.2592017432852191,0.6750595148214789,0.0096758666778224,-0.9383771426637688,-0.00908357061312638,-0.021812641931848203,0,0,0,0
154.0,1,1.3500850397504638,-0.4284569918995145,0.2166423444749615,0.5542871681176087,0.0071282914899127,-0.9383771426637688,-0.007182728528245597,-0.01949521332538253,0,0,0,0
155.0,1,0.325111354123077,-0.4284569918995145,0.4289807995652748,0.5542871681176087,0.0202102443354752,-0.9383771426637688,-0.011786078456323278,-0.01373509764647983,0,0,0,0
156.0,1,0.5503531571672221,-0.4284569918995145,0.4709043930600313,0.6817300269136635,0.0224253865307941,-0.9383771426637688,-0.013625416611892746,-0.008988680959057187,1,0,0,0
157.0,1,0.2905919441242763,-0.4284569918995145,0.3011858104840951,0.6817300269136635,0.0167462999922061,-0.9383771426637688,-0.01162702822771325,-0.02371506349938054,0,0,0,0
158.0,1,0.2714885462621984,-0.4284569918995145,0.3144800834980213,0.8508889741755113,0.015872927052241,-0.9383771426637688,-0.012726488922130581,-0.024366310933151145,0,0,0,0
159.0,1,0.5582211790679953,-0.4284569918995145,0.4927174982921837,0.907899629144144,0.0230107149834105,-0.9383771426637688,-0.01571229478717327,-0.006910461111886576,1,0,0,0
160.0,1,1.9200572735257015,-0.4284569918995145,0.3553908391452716,0.907899629144144,0.0147316010980068,-0.9383771426637688,-0.012798994398550647,-0.022238163998774648,0,0,0,0
161.0,1,0.9192601846965972,-0.4284569918995145,0.3279560706165467,0.8508889741755113,0.0189911930229938,-0.9383771426637688,-0.013823761600120789,-0.024879400177903133,0,0,0,0
162.0,1,0.8052388747593315,-0.4284569918995145,0.3282569811842238,0.8204913761565434,0.0184163891765003,-0.9383771426637688,-0.013368698842602283,-0.02440975805912618,0,0,0,0
163.0,1,0.4604281539529596,-0.4284569918995145,0.3323354521124886,0.8661414755727233,0.018830082734823,-0.9383771426637688,-0.01389391462985074,-0.02473063392516789,0,0,0,0
164.0,1,0.2481531072266276,-0.4284569918995145,0.2758771561614721,0.8661414755727233,0.0098948849800995,-0.9383771426637688,-0.010749747820266305,-0.023358826446935363,0,0,0,0
165.0,1,1.9500310896357305,-0.960741123229188,0.3599054335560011,0.9127524532419596,0.0088097669853,-0.9383771426637688,-0.010755544524572017,-0.019871316386539127,0,0,0,0
166.0,1,1.6814362365749491,-0.960741123229188,0.3422647683134505,0.8661414755727233,0.0105497561398017,-0.9160131620983496,-0.010978644820652878,-0.021264681417602408,0,0,0,0
167.0,1,0.1331028266623546,-0.960741123229188,0.4159591996992712,0.8661414755727233,0.0220593751429367,-0.9160131620983496,-0.015028713219137832,-0.018664194405414322,0,0,0,0
168.0,1,0.0490266539721833,-0.960741123229188,0.353147761378491,0.8661414755727233,0.0120279095689531,-0.9160131620983496,-0.011498785625477747,-0.021092458140938027,0,0,0,0
169.0,1,0.268343659948274,-0.960741123229188,0.3065908532639962,0.9127524532419596,0.011430616660065,-0.9160131620983496,-0.011676240919342317,-0.02359704659739411,0,0,0,0
170.0,1,0.941053039648828,-0.960741123229188,0.3074643172131979,0.935009436270528,0.0121492255195809,-0.9160131620983496,-0.012114206233181416,-0.0240060728682109,0,0,0,0
171.0,1,0.3303217945778996,-0.960741123229188,0.2763782529634028,0.9127524532419596,0.0094104595866306,-0.9160131620983496,-0.010965376874158548,-0.023568185730102525,0,0,0,0
172.0,1,0.8965390735916912,-0.960741123229188,0.2091442318243798,0.9127524532419596,0.0002559431699842,-0.9160131620983496,-0.0077440350006897215,-0.019885060584878746,0,0,0,0
173.0,1,0.5261552444957716,-0.960741123229188,0.3732860199409614,0.940624472398094,0.0107820134167397,-0.9160131620983496,-0.011679800780676326,-0.019737647901621892,0,0,0,0
174.0,1,0.4373020976296203,-0.960741123229188,0.4636065401146023,1.0286845952188326,0.0158605780080374,-0.9160131620983496,-0.014199214536376343,-0.010840313171012965,1,0,0,0
175.0,1,1.199548382377882,-0.960741123229188,0.2981936830046084,1.0286845952188326,0.0067242240369314,-0.9160131620983496,-0.010984263764707005,-0.0231561917755697,0,0,0,0
176.0,1,1.3072110915743815,-0.960741123229188,0.2342956682415494,0.940624472398094,0.0046745947531294,-0.9160131620983496,-0.009530688519091663,-0.022135063080737143,0,0,0,0
177.0,1,0.5207785882259013,-0.960741123229188,0.3107912260683273,0.940624472398094,0.0141017267880787,-0.9160131620983496,-0.012847959884259673,-0.02462467196607432,0,0,0,0
178.0,1,0.95228311190396,-0.960741123229188,0.2422494035156372,0.940624472398094,0.0052175836564434,-0.9160131620983496,-0.009721758457848196,-0.0224037937658155,0,0,0,0
179.0,1,0.9289658328922282,-0.960741123229188,0.2180055284796146,0.9372999200201632,0.0026678414358339,-0.9160131620983496,-0.008796892861937008,-0.021137583318362782,0,0,0,0
180.0,1,1.3957566232756082,-0.9160131620983496,0.2129016059445869,1.0253600428409018,0.0015583807142366,-0.7917628011133002,-0.009130259151268394,-0.02136062859733116,0,0,0,0
181.0,1,1.879940793377881,-0.9160131620983496,0.2580788777246066,1.0253600428409018,0.0096958693782753,-0.7917628011133002,-0.011993723673619283,-0.02472482879519404,0,0,0,0
182.0,1,0.3559982561396348,-0.9160131620983496,0.378322473367776,1.0253600428409018,0.0239185732969856,-0.7917628011133002,-0.0169984873992028,-0.02461880653960476,0,0,0,0
183.0,1,0.4306613202066951,-0.9160131620983496,0.2890484134258794,1.0253600428409018,0.0154407468572444,-0.7917628011133002,-0.014015262937812403,-0.026405990005191872,0,0,0,0
184.0,1,2.231642443837071,-0.9160131620983496,0.3025312062916188,1.0253600428409018,0.0034143876664118,-0.7917628011133002,-0.009783361143812688,-0.021831666902156002,0,0,0,0
185.0,1,1.7037453814155934,-0.9160131620983496,0.3498530841799983,0.8906889423509269,0.0068151918868227,-0.7917628011133002,-0.009860080561405695,-0.019673324519971887,0,0,0,0
186.0,1,0.3344424159433514,-0.9160131620983496,0.3936081913018309,0.810350494480115,0.0056969776232728,-0.7917628011133002,-0.008798473072793488,-0.014955195962920408,0,0,0,0
187.0,1,1.3421134072431244,-0.9160131620983496,0.4021863009182917,0.810350494480115,-0.0032718309556532,-0.7917628011133002,-0.005642479100475646,-0.010886178905991254,0,0,0,0
188.0,1,2.6767829374400955,-0.9160131620983496,0.4412428096429112,0.7551535853727873,-0.0076809610923789,-0.7917628011133002,-0.0036319322106795012,-0.0038407715061176823,0,0,0,0
189.0,1,0.1465382305393916,-0.9160131620983496,0.4964766217592735,0.6919698717072085,-0.0006307867550161,-0.7917628011133002,-0.0055873275615847505,0.003985827163418984,1,0,0,1
190.0,1,0.6058898785552559,-0.9160131620983496,0.5216026605196049,0.6919698717072085,-0.0113124824143631,-0.7917628011133002,-0.0018285934088407227,0.013318312482683475,1,0,0,1
191.0,1,0.8357438775537553,-0.9160131620983496,0.4359490750313644,0.7551535853727873,-0.0083335732663503,-0.7917628011133002,-0.0034022874290800236,-0.004380772278376084,0,0,0,0
192.0,1,1.105086078533705,-0.9160131620983496,0.3596480845329229,0.7551535853727873,0.0013766997632693,-0.7917628011133002,-0.006819192013602857,-0.01595384798201032,0,0,0,0
193.0,1,0.0452778130303774,-0.9160131620983496,0.3557626511548858,0.7113434581780901,-0.0013669048783878,-0.7917628011133002,-0.005489416112256995,-0.014902580662441604,0,0,0,0
194.0,1,1.460323822945178,-0.9160131620983496,0.4154077925201863,0.7551535853727873,0.0044292052195428,-0.7917628011133002,-0.007893324518014062,-0.011596622016813309,0,0,0,0
195.0,1,0.162564533733597,-0.6675124401282508,0.482266127464732,0.7551535853727873,0.0174754906823006,-0.9982777523518256,-0.012498369179797566,-0.00575765802638438,1,0,0,0
196.0,1,1.840702240722795,-0.6675124401282508,0.5001152312343071,0.8652955592772866,0.0131420432413492,-1.108739260807322,-0.011897092597239046,-0.0015620539070119802,1,0,0,0
197.0,1,0.1679330180137479,-0.6675124401282508,0.5134527756177697,0.8652955592772866,0.0215142278706448,-1.108739260807322,-0.01484314323402865,-0.0015849613753970287,1,0,0,0
198.0,1,1.722506392693152,-0.6675124401282508,0.4760943637712546,0.8759861252171744,0.0103704280184267,-1.108739260807322,-0.01101070797850306,-0.005430351306885739,1,0,0,0
199.0,1,1.8074412458365612,-0.6675124401282508,0.480580977390781,0.8759861252171744,0.0158919861444678,-1.108739260807322,-0.012953664393531714,-0.006533928267579918,1,0,0,0
200.0,1,0.6585896840753169,-0.6675124401282508,0.4332061725157346,0.7956476773463625,0.0148815935441994,-1.108739260807322,-0.011929997788193708,-0.01329624991083066,0,0,0,0
201.0,1,0.2975187689662826,-0.6675124401282508,0.3662101917140424,0.7956476773463625,0.003522599486303,-1.108739260807322,-0.007932932128597697,-0.016568930952813688,0,0,0,0
202.0,1,2.7404806776331903,-0.6675124401282508,0.462397276856198,0.8759861252171744,0.0008139200577688,-1.108739260807322,-0.007647911096973957,-0.004495267187870557,0,0,0,0
203.0,1,2.4192132289702237,-0.6675124401282508,0.3933958613410741,0.8759861252171744,0.0082690742806458,-1.108739260807322,-0.010271272001942364,-0.0164497479189425,0,0,0,0
204.0,1,0.4414375249631606,-0.6675124401282508,0.3697053057100505,0.7956476773463625,0.0122559810553887,-1.108739260807322,-0.01100608274246516,-0.019361797646707986,0,0,0,0
205.0,1,0.7253500593391,-0.6675124401282508,0.3861210592485914,0.8759861252171744,0.0119863129395405,-1.108739260807322,-0.011579314502559918,-0.018478715832218696,0,0,0,0
206.0,1,2.356457007498331,-0.6675124401282508,0.3783394706586928,0.8759861252171744,0.0004193285941839,-1.108739260807322,-0.007509060070146585,-0.015127865597888604,0,0,0,0
207.0,1,0.4312403717001714,-0.6675124401282508,0.4162346971851713,0.8759861252171744,0.0143681515487346,-1.108739260807322,-0.012417449047131796,-0.016018939018001013,0,0,0,0
208.0,1,0.9456340071480984,-0.6675124401282508,0.4029273515985004,0.8759861252171744,0.0024772276272517,-1.108739260807322,-0.008233204964849916,-0.013394872436575216,0,0,0,0
209.0,1,1.193344447765728,-0.6675124401282508,0.391003602759272,0.8978598187873692,0.0030664250103824,-1.108739260807322,-0.008622444676509846,-0.015043205825386308,0,0,0,0
210.0,1,2.1458713517759462,-1.3290430645754003,0.3945306605791259,0.8978598187873692,0.0030623751983092,-1.108739260807322,-0.008621019606236624,-0.014682764523931194,0,0,0,0
211.0,1,2.623235584657994,-1.3290430645754003,0.4343414092504152,0.8978598187873692,0.0132359033443427,-0.8884354570392434,-0.012185740227604833,-0.013392410037992068,0,0,0,0
212.0,1,0.7849571114064747,-1.3290430645754003,0.5177903387329189,0.8978598187873692,0.0256859983880244,-0.8884354570392434,-0.016566748537333847,-0.002313137003920572,1,0,0,0
213.0,1,0.1847056634167901,-1.3290430645754003,0.4780931355607387,1.1630028966396468,0.0290156486013179,-0.8884354570392434,-0.019943431585128405,-0.01399185540099697,1,0,0,0
214.0,1,0.6337668147070632,-1.3290430645754003,0.433839343003625,1.4908774476666464,0.0238965954623383,-0.8884354570392434,-0.02086883615832121,-0.02214624013956902,0,0,0,0
215.0,1,0.3874243868243705,-1.3290430645754003,0.4150531551785659,1.4908774476666464,0.0181094688954872,-0.8884354570392434,-0.018832430051389935,-0.022579190829268243,0,0,0,0
216.0,1,0.5435391624395955,-1.3290430645754003,0.3715232953453694,1.6016703976967697,0.0128851923052017,-0.8884354570392434,-0.01791547761218398,-0.026121322262461066,0,0,0,0
217.0,1,0.1875442438323469,-1.3290430645754003,0.3452096961596679,1.6016703976967697,0.0047908478519427,-0.8884354570392434,-0.01506719491336772,-0.02517515723844574,0,0,0,0
218.0,1,0.4573952730771811,-1.3290430645754003,0.3017788647940825,1.6016703976967697,-0.0074359613269478,-0.8884354570392434,-0.010764757668812358,-0.022835434158758616,0,0,0,0
219.0,1,0.2606385472146149,-1.3290430645754003,0.3804417564788201,1.6016703976967697,-0.0205296911218219,-0.8884354570392434,-0.0061572636026685544,-0.013586927724090828,0,0,0,0
220.0,1,1.894870207695347,-1.3290430645754003,0.4447017555106282,1.6490342360597705,-0.0195163052859967,-0.8884354570392434,-0.006907754508754002,-0.006598439739860608,0,0,0,0
221.0,1,2.7814208055280796,-1.3290430645754003,0.4167088205161859,1.6490342360597705,-0.0117767302631258,-0.8884354570392434,-0.009631198978053541,-0.013174021729190261,0,0,0,0
222.0,1,0.6973368570170801,-1.3290430645754003,0.3590639876980355,1.6016703976967697,-0.008247913259263,-0.8884354570392434,-0.01047904353168385,-0.01965635794832788,0,0,0,0
223.0,1,3.12577049639698,-1.3290430645754003,0.5090761493958114,1.6016703976967697,-0.0212128072266776,-0.8884354570392434,-0.005916884929141774,0.006359309808007946,1,0,0,1
224.0,1,2.9493600593029226,-1.3290430645754003,0.3776940339676353,1.4474173490209292,-0.0173622681866004,-0.8884354570392434,-0.005989008842445675,-0.013665115156151698,0,0,0,0
225.0,1,1.745453543306439,-0.8884354570392434,0.214853561839791,1.4076863078979374,-0.0053172701943603,-0.3552436362826198,-0.009860271409809829,-0.022134347697119115,0,0,0,0
226.0,1,2.0301199315216225,-0.8884354570392434,0.1821457602540146,1.4076863078979374,0.0004349736637351,0.1779481844740038,-0.011847622789864013,-0.02315531133624768,0,0,0,0
227.0,1,0.8063382432862505,-0.8884354570392434,0.2260725964433176,1.4076863078979374,0.0077395329519309,0.1779481844740038,-0.014417991516224412,-0.026906425828378943,0,0,0,0
228.0,1,1.7717113449330923,-0.8884354570392434,0.308330228964058,1.4076863078979374,-0.0036653618823311,0.1779481844740038,-0.01040477403754789,-0.02226742194987171,0,0,0,0
229.0,1,0.6718599981149322,-0.8884354570392434,0.3559606468430074,1.2536187542190835,-0.0056309296998977,0.1779481844740038,-0.00843183674348722,-0.017831107279060884,0,0,0,0
230.0,1,0.2175935280155255,-0.8884354570392434,0.3095359825781649,1.4076863078979374,-0.0006393904893617,0.1779481844740038,-0.011469569588994618,-0.02329064976473888,0,0,0,0
231.0,1,1.913951125092899,-0.8884354570392434,0.4130744203264388,1.5184792579280606,0.0005557300618215,0.1779481844740038,-0.012811510123822418,-0.01679858867864917,0,0,0,0
232.0,1,0.989381394288488,-0.8884354570392434,0.2320466707433903,1.4076863078979374,-0.0026934725800158,0.1779481844740038,-0.010746767821100641,-0.023322981328801406,0,0,0,0
233.0,1,0.6744613964436603,-0.8884354570392434,0.2448600783687242,1.5184792579280606,-0.0004450882405233,0.1779481844740038,-0.012459336643723035,-0.025159273693746854,0,0,0,0
234.0,1,2.008538604235344,-0.8884354570392434,0.2871345584098689,1.589751843399862,0.0005749692956072,0.1779481844740038,-0.013411009155445226,-0.02584046596922441,0,0,0,0
235.0,1,0.0620378160025811,-0.8884354570392434,0.2525234458834847,1.5184792579280606,-0.0022345942749741,0.1779481844740038,-0.011829635361947054,-0.024559909169115258,0,0,0,0
236.0,1,2.2276451930189296,-0.8884354570392434,0.342201288544329,1.5184792579280606,-0.0177433264517621,0.1779481844740038,-0.006372336899446493,-0.016662136995531547,0,0,0,0
237.0,1,0.2715910507090449,-0.8884354570392434,0.2520377124019672,1.5092084825897032,-0.0099295124255673,0.1779481844740038,-0.009044805823831728,-0.02177415335825959,0,0,0,0
238.0,1,1.645130496342487,-0.8884354570392434,0.349717152264372,1.548939523712695,-0.0065647208718325,0.1779481844740038,-0.01055924523238002,-0.020381361030967337,0,0,0,0
239.0,1,1.3366243989908058,-0.8884354570392434,0.2284681460682349,1.5092084825897032,-0.0113085116099694,0.1779481844740038,-0.008559555963105477,-0.02108543392860432,0,0,0,0
240.0,1,1.9058119438122751,0.1779481844740038,0.2411589298862001,1.5092084825897032,-0.0119741137185497,0.1941114256029713,-0.008324225257917156,-0.020997661922223066,0,0,0,0
241.0,1,1.7318380875935735,0.1779481844740038,0.2033554138842885,1.5092084825897032,-0.0061462563642558,0.1941114256029713,-0.010374963939629799,-0.022365159219464487,0,0,0,0
242.0,1,2.2217497484236928,0.1779481844740038,0.195573910531162,1.3502954745285989,-0.0064374228757798,0.1941114256029713,-0.008950927658790924,-0.02071388057044211,0,0,0,0
243.0,1,1.652937975777054,0.1779481844740038,0.1800208872342873,1.196227920849745,-0.0051627310198138,0.1941114256029713,-0.008118190861643752,-0.01934680773173654,0,0,0,0
244.0,1,1.1706131094473613,0.1779481844740038,0.2455483645890749,1.098912716944303,-0.0079729026568572,0.1941114256029713,-0.006320023109086333,-0.019024045291183917,0,0,0,0
245.0,1,1.5582102990510525,0.1779481844740038,0.211473913262992,1.1245275283466865,-0.0009939410233818,0.1941114256029713,-0.00898884092042822,-0.021186066015662176,0,0,0,0
246.0,1,1.0272123244412443,0.1779481844740038,0.3745097116086172,1.1245275283466865,0.0124416055560166,0.1941114256029713,-0.013716615367416649,-0.021670161690062018,0,0,0,0
247.0,1,0.8005833540658533,0.1779481844740038,0.2315320609433071,1.0255361575698507,0.0027809052869483,0.1941114256029713,-0.009493906087259193,-0.022063297289498077,0,0,0,0
248.0,1,0.4200277728600329,0.1779481844740038,0.2959695418307458,1.3502954745285989,0.0107230187632472,0.1941114256029713,-0.014989438783037339,-0.027219764778643643,0,0,0,0
249.0,1,2.8143797818703433,0.1779481844740038,0.3147655146836587,1.4083450254011072,0.0048065463846417,0.1941114256029713,-0.013390279162951175,-0.025019102349308715,0,0,0,0
250.0,1,2.286121898773054,0.1779481844740038,0.2635452459244797,1.3046011970122433,0.0145642291143612,0.1941114256029713,-0.015961094717455795,-0.028675227458898535,0,0,0,0
251.0,1,0.7127452627006426,0.1779481844740038,0.304843742081978,1.246551646139735,0.0205865656523355,0.1941114256029713,-0.01759750640351173,-0.029574591537127784,0,0,0,0
252.0,1,0.2413666593314598,0.1779481844740038,0.298012882445309,1.3046011970122433,0.0175282504254466,0.1941114256029713,-0.017004090931421967,-0.0291808918366876,0,0,0,0
253.0,1,0.2204007335565525,0.1779481844740038,0.2295694063394167,1.3046011970122433,0.0032100340364518,0.1941114256029713,-0.011965717749482414,-0.024507804128528807,0,0,0,0
254.0,1,1.4787482168050687,0.1779481844740038,0.1672801622617912,1.3422800889186592,0.0010202313335653,0.1941114256029713,-0.011508509379296846,-0.022224764997427243,0,0,0,0
255.0,1,1.6888843712159352,0.2102746667319389,0.2243455109603015,1.3422800889186592,0.0077103310044714,-0.3089582015864576,-0.013897360809646462,-0.02635695617916721,0,0,0,0
256.0,1,1.6212933877486713,0.2102746667319389,0.1738006399652845,1.3046011970122433,0.0047222220311942,-0.5155135836399213,-0.01254678533701923,-0.023533319945779542,0,0,0,0
257.0,1,0.001313490069452,0.2102746667319389,0.2351870740464107,1.3046011970122433,0.0173514160238238,-0.5155135836399213,-0.016990815975561922,-0.029605603307018113,0,0,0,0
258.0,1,0.376939672226713,0.2102746667319389,0.2501336248338106,1.3422800889186592,0.0126245408186107,-0.5155135836399213,-0.015640848499836955,-0.02836525513595274,0,0,0,0
259.0,1,2.534803275580892,0.2102746667319389,0.2164224510899948,1.3422800889186592,-0.0015752810387146,-0.5155135836399213,-0.01064413664058215,-0.022951985173213937,0,0,0,0
260.0,1,2.5604324222782395,0.2102746667319389,0.2763634127701024,1.3422800889186592,0.0135397531963477,-0.5155135836399213,-0.01596289849366953,-0.028565895312227592,0,0,0,0
261.0,1,0.2197896473299229,0.2102746667319389,0.3676014284368217,1.3422800889186592,0.0270026174922094,-0.5155135836399213,-0.02070028564983075,-0.029225948929193977,0,0,0,0
262.0,1,1.9434100673467771,0.2102746667319389,0.3484518553104701,1.4431435461072557,0.0223090078596059,-0.5155135836399213,-0.01988748992202109,-0.029791478861846892,0,0,0,0
263.0,1,2.1554531121121068,0.2102746667319389,0.3772524215016674,1.4431435461072557,0.0278041028667514,-0.5155135836399213,-0.021821134348396148,-0.02953623876517096,0,0,0,0
264.0,1,0.2379166678060429,0.2102746667319389,0.4359683078058388,1.4431435461072557,0.0367521491825303,-0.5155135836399213,-0.024969822380714567,-0.025945561825347588,0,0,0,0
265.0,1,0.2281758980632235,0.2102746667319389,0.4414827467514566,1.5758199310490433,0.0361111947162619,-0.5155135836399213,-0.025847665372446493,-0.02602095287041329,0,0,0,0
266.0,1,1.5396687483743376,0.2102746667319389,0.3631710515611506,1.5758199310490433,0.017433958699471,-0.5155135836399213,-0.01927541625264106,-0.028146807975202692,0,0,0,0
267.0,1,2.893578041774666,0.2102746667319389,0.3300914184699887,1.479294728781961,0.0084345619932139,-0.5155135836399213,-0.015305919692058715,-0.02625662529016721,0,0,0,0
268.0,1,0.3493081716205726,0.2102746667319389,0.2686877672470557,1.3422800889186592,0.0100726028345545,-0.5155135836399213,-0.014742858446360448,-0.027424578538237588,0,0,0,0
269.0,1,1.2218427322521288,0.2102746667319389,0.245066844745769,1.3422800889186592,-0.0054899532173597,-0.5155135836399213,-0.009266620140962113,-0.021967812325567392,0,0,0,0
270.0,1,1.6119711137237491,-0.8281910699048541,0.3135709506715338,1.3422800889186592,-0.0152941763562547,-0.5155135836399213,-0.00581665587231708,-0.017491119921961985,0,0,0,0
271.0,1,0.8292295828875729,-0.8281910699048541,0.2590585264879717,1.3422800889186592,-0.0081897879545894,-0.2028360973749884,-0.00829501861206188,-0.021024390879468023,0,0,0,0
272.0,1,0.4859900955331602,-0.8281910699048541,0.3246664242063659,1.3422800889186592,-0.0195392667138248,-0.2028360973749884,-0.00430130124839109,-0.015511906738493047,0,0,0,0
273.0,1,0.3411688626085806,-0.8281910699048541,0.294099863125673,1.5869220935328976,-0.0159022599556894,-0.2028360973749884,-0.007615644155164752,-0.019892467954030192,0,0,0,0
274.0,1,2.2836063343625743,-0.8281910699048541,0.3532236802623313,1.7127300164894197,-0.0225729591874441,-0.2028360973749884,-0.006314586551216502,-0.015903096414675452,0,0,0,0
275.0,1,2.946807124157058,-0.8281910699048541,0.3527270851404128,1.4724262667966952,-0.0232976180039052,-0.2028360973749884,-0.0040611352702119175,-0.013683330309138892,0,0,0,0
276.0,1,0.0302726855107909,-0.8281910699048541,0.3517862374721767,1.3422800889186592,-0.0165746560018653,-0.2028360973749884,-0.005344504863997021,-0.015029974109176992,0,0,0,0
277.0,1,2.9322129127246237,-0.8281910699048541,0.4233348118051618,1.3422800889186592,-0.0261053994194781,-0.2028360973749884,-0.00199077415238718,-0.004691164932677402,0,0,0,0
278.0,1,1.3379418339971454,-0.8281910699048541,0.3742022147001641,1.3422800889186592,-0.0134272783228177,-0.2028360973749884,-0.006452021530928875,-0.014431897779126627,0,0,0,0
279.0,1,1.2712605600273412,-0.8281910699048541,0.4217728972269997,1.327682842983925,-0.0213458825599984,-0.2028360973749884,-0.00354418320766368,-0.006446963448181662,0,0,0,0
280.0,1,1.150549346249226,-0.8281910699048541,0.4726660644323704,1.327682842983925,-0.0278983977113871,-0.2028360973749884,-0.0012384479319777727,0.0037153178183229746,1,0,0,1
281.0,1,1.346618343840173,-0.8281910699048541,0.4580897167003406,1.327682842983925,-0.0310926439344937,-0.2028360973749884,-0.00011443890251639792,0.002316033622379872,0,0,0,1
282.0,1,0.1489365211869862,-0.8281910699048541,0.45102367716604,1.132422145978332,-0.0332213491110435,-0.2028360973749884,0.002258481392050071,0.00354635970848282,0,0,0,1
283.0,1,2.0448780019383723,-0.8281910699048541,0.5456751631348279,1.132422145978332,-0.0480627152198544,-0.2028360973749884,0.007480943391119566,0.02867429452479986,1,0,0,1
284.0,1,2.2019588200851654,-0.8281910699048541,0.5365527419171731,0.927175627175767,-0.0469241842679794,-0.2028360973749884,0.008787216329885756,0.027605800343096884,1,0,0,1
285.0,1,0.5270847705755062,-0.2028360973749884,0.4634332380286183,0.927175627175767,-0.0375946828851093,0.1056387236401621,0.005525578623175016,0.00885482564722663,1,0,0,1
286.0,1,2.939895050504988,-0.2028360973749884,0.4723844432095223,1.132422145978332,-0.040279943879481,0.1056387236401621,0.0047635776072584785,0.009666437734280005,1,0,0,1
287.0,1,2.0723450197900046,-0.2028360973749884,0.3898222624778824,1.132422145978332,-0.0264013405347416,0.1056387236401621,-0.00012010210501751531,-0.006658617277178189,0,0,0,0
288.0,1,0.3453366132838452,-0.2028360973749884,0.395811464771344,0.927175627175767,-0.02752775978772,0.1056387236401621,0.001983174040051172,-0.003945424167734322,0,0,0,0
289.0,1,2.580278003401715,-0.2028360973749884,0.4889470937118841,0.927175627175767,-0.0392822339390188,0.1056387236401621,0.006119403422450056,0.01416360726414137,1,0,0,1
290.0,1,2.299931176895379,-0.2028360973749884,0.3987165941962186,0.927175627175767,-0.0258405230036923,0.1056387236401621,0.0013894598278004738,-0.00423161871799926,0,0,0,0
291.0,1,1.969778529453347,-0.2028360973749884,0.3605953456344129,0.8764678850567855,-0.0213462429412121,0.1056387236401621,0.0002296919257916746,-0.008835185379179447,0,0,0,0
292.0,1,1.827225843225622,-0.2028360973749884,0.3426656637549031,0.7419830129460653,-0.0210822994657708,0.1056387236401621,0.0012552396745270156,-0.009006956263174154,0,0,0,0
293.0,1,2.127753887927002,-0.2028360973749884,0.2733341198139069,0.7419830129460653,-0.0125869153751605,0.1056387236401621,-0.0017341630701686033,-0.014372622653443072,0,0,0,0
294.0,1,2.6893288124033847,-0.2028360973749884,0.2439013853025212,0.7419830129460653,-0.0029669258643608,0.1056387236401621,-0.005119298190699891,-0.017813102945004666,0,0,0,0
295.0,1,0.0731806255628083,-0.2028360973749884,0.3393571708782872,0.5821322811801466,0.0067014929244851,0.1056387236401621,-0.007192097420171012,-0.017647286197546477,0,0,0,0
296.0,1,0.1606157564664002,-0.2028360973749884,0.3078340045455413,0.7419830129460653,0.0023005768920528,0.1056387236401621,-0.006972856196996382,-0.018852312988164845,0,0,0,0
297.0,1,0.2670291253362325,-0.2028360973749884,0.2257913975090585,0.8764678850567855,0.0050210696602874,0.1056387236401621,-0.009048583879099856,-0.02153242758719142,0,0,0,0
298.0,1,0.139532060050708,-0.2028360973749884,0.2312407325769136,0.8764678850567855,-0.0014733066997682,0.1056387236401621,-0.006763306802893893,-0.01932877356996559,0,0,0,0
299.0,1,0.084896985612898,-0.2028360973749884,0.240762984286814,0.8764678850567855,-0.0091802361223808,0.1056387236401621,-0.004051349847987288,-0.01672150182184768,0,0,0,0
300.0,1,2.2102879358170355,0.4141135446553128,0.2664527889533105,0.8764765624561653,-0.0161197535714011,-0.302013060993177,-0.0016376263799705011,-0.014335412887389256,0,0,0,0
301.0,1,0.2279254603639122,0.4141135446553128,0.2491008152944572,0.8764765624561653,-0.0061133443480183,-0.302013060993177,-0.005158737006385882,-0.017879594422496477,0,0,0,0
302.0,1,2.8762726418646505,0.4141135446553128,0.2629242497054631,0.8764765624561653,-0.012570173903925,-0.302013060993177,-0.002886672107308125,-0.015603633384136235,0,0,0,0
303.0,1,1.5982341897532173,0.4141135446553128,0.1762065993500406,0.8546901429904047,-0.0043895109722885,-0.302013060993177,-0.005584145155860703,-0.016666171211935518,0,0,0,0
304.0,1,0.530165937913923,0.4141135446553128,0.2348323581051867,0.8095125974727398,-0.0045891434712326,-0.302013060993177,-0.0051381842901827195,-0.017748879224192812,0,0,0,0
305.0,1,0.8546814655910249,0.4141135446553128,0.2653392392183724,0.8095125974727398,-0.0101054838118869,-0.302013060993177,-0.003197063938337337,-0.015901716859112295,0,0,0,0
306.0,1,1.3087473421276767,0.4141135446553128,0.2556796801158997,0.8006852320007433,-0.0100961626129733,-0.302013060993177,-0.003126932316789424,-0.01585989168863658,0,0,0,0
307.0,1,1.7372179718264111,0.4141135446553128,0.3064140610106531,0.7155412612573403,-0.0109052280249863,-0.302013060993177,-0.0021341453411414476,-0.014060743196386949,0,0,0,0
308.0,1,0.1665329091760468,0.4141135446553128,0.3772628076502849,0.6546940059758557,-0.0067157819632774,-0.302013060993177,-0.0031023226496411454,-0.010816511816125949,0,0,0,0
309.0,1,0.3687698775918076,0.4141135446553128,0.3182597874348373,0.7155412612573403,-0.0078417601701028,-0.302013060993177,-0.0032121353550123377,-0.014701536837953975,0,0,0,0
310.0,1,0.9560969498289876,0.4141135446553128,0.3409552833689068,0.7155412612573403,-0.015554006954711,-0.302013060993177,-0.000498307297354563,-0.010861340628963587,0,0,0,0
311.0,1,0.8982543045225462,0.4141135446553128,0.279363809672251,0.7155412612573403,-0.0091783576057039,-0.302013060993177,-0.0027418060561928406,-0.015303957409428652,0,0,0,0
312.0,1,0.1771507711811593,0.4141135446553128,0.2371815730863601,0.7155412612573403,-0.0037914441621904,-0.302013060993177,-0.00463738295556763,-0.017273917155495217,0,0,0,0
313.0,1,0.6292845603011057,0.4141135446553128,0.3086303224752993,0.8006852320007433,-0.0051341984834417,-0.302013060993177,-0.004872975701019431,-0.016725374088807272,0,0,0,0
314.0,1,1.6333438651803425,0.4141135446553128,0.4039887596406538,0.8458627775184081,0.005562739334482,-0.302013060993177,-0.009012786426546564,-0.014056076550317154,0,0,0,0
315.0,1,1.5222234768799228,-1.0181396666416669,0.3103734848401532,0.8006852320007433,0.0048785986084434,-0.0772789691256535,-0.008380831785111164,-0.020172433631654253,0,0,0,0
316.0,1,1.5790417161592132,-1.0181396666416669,0.3218201460406228,0.8006852320007433,0.0133146963914423,0.1760232112676377,-0.011331899545094958,-0.022670094816303967,0,0,0,0
317.0,1,0.0867923267361685,-1.0181396666416669,0.2940870375798793,0.8006852320007433,0.0177744526517562,0.1760232112676377,-0.012901223246420165,-0.025178357866654504,0,0,0,0
318.0,1,0.1486215835510882,-1.0181396666416669,0.2941042529464822,0.8006852320007433,0.0095144947196308,0.1760232112676377,-0.009994663560595278,-0.022271380948683542,0,0,0,0
319.0,1,1.6513884391118214,-1.0181396666416669,0.2913094728745867,0.8006852320007433,0.0015788495147168,0.1760232112676377,-0.007202224831106791,-0.019544072492824555,0,0,0,0
320.0,1,0.5001563949626058,-1.0181396666416669,0.2781314707257162,0.8006852320007433,0.0079323161172413,0.1760232112676377,-0.00943791780241237,-0.022017538415084283,0,0,0,0
321.0,1,0.0732536207590704,-1.0181396666416669,0.2411315510792009,0.8006852320007433,0.0008416394506823,0.1760232112676377,-0.006942811276011879,-0.019616023593854046,0,0,0,0
322.0,1,1.3707160007885768,-1.0181396666416669,0.2714623450734093,0.8006852320007433,-0.0067701202043949,0.1760232112676377,-0.004264343185322352,-0.016921841608692933,0,0,0,0
323.0,1,1.1922922867587278,-1.0181396666416669,0.2535569598502981,0.7155412612573403,-0.0052825707688981,0.1760232112676377,-0.004079701745582841,-0.016811492381932077,0,0,0,0
324.0,1,0.5349800020591876,-1.0181396666416669,0.2294106990396813,0.7155412612573403,-0.0021381791665196,0.1760232112676377,-0.005186167655339355,-0.01772595739504796,0,0,0,0
325.0,1,1.0022295244634716,-1.0181396666416669,0.2645567364025489,0.8006852320007433,-0.0016415681266915,0.1760232112676377,-0.006069006458210297,-0.018778033817716443,0,0,0,0
326.0,1,2.0766550864906153,-1.0181396666416669,0.2686240107768429,0.7155412612573403,-0.0032881910709263,0.1760232112676377,-0.0047814951053052985,-0.017463715957574753,0,0,0,0
327.0,1,0.6667387931602258,-1.0181396666416669,0.3968557897983507,0.6546940059758557,0.0005517989218152,0.1760232112676377,-0.005626703879295023,-0.011445639148210934,0,0,0,0
328.0,1,0.6426492187914856,-1.0181396666416669,0.4068711205140009,0.6112934286452182,-0.0028529780469253,0.1760232112676377,-0.004067676969560964,-0.0087842386915245,0,0,0,0
329.0,1,0.8546988203897845,-1.0181396666416669,0.3543044472462196,0.6721406839267028,-0.0005720947761704,0.1760232112676377,-0.005376314936185844,-0.014890824499829716,0,0,0,0
330.0,1,1.2624375998959017,0.8635817283903598,0.3760529536786371,0.5526242737135385,-0.0032479120948377,0.1760232112676377,-0.0034407911305751587,-0.011260969504356382,0,0,0,0
331.0,1,0.7643437293544548,0.8635817283903598,0.3646288881438407,0.5526242737135385,0.0124801826728532,0.1760232112676377,-0.008975280114932576,-0.01773471883682709,0,0,0,0
332.0,1,0.2391576135946378,0.8635817283903598,0.4924339979728951,0.5526242737135385,0.0230858935679988,0.1760232112676377,-0.012707276328551549,-0.003962965378092868,1,0,0,0
333.0,1,0.1245208549206486,0.8635817283903598,0.4015613225857959,0.5526242737135385,0.0147792313413515,0.1760232112676377,-0.009784282077232778,-0.015096772378412615,0,0,0,0
334.0,1,0.3405238683298169,0.8635817283903598,0.367217683880208,0.6049344988907956,0.0078654849436048,0.1760232112676377,-0.007786465816523448,-0.016342725292960963,0,0,0,0
335.0,1,0.8370267346470317,0.8635817283903598,0.2999416289559354,0.6049344988907956,2.8548962433203444e-05,0.1760232112676377,-0.005028761434680108,-0.01715242684284112,0,0,0,0
336.0,1,0.2235784777284374,0.8635817283903598,0.2897362323650678,0.5677836116883683,-0.0026534796719734,0.1760232112676377,-0.0037760339273594013,-0.016152250903568338,0,0,0,0
337.0,1,0.4654881958291447,0.8635817283903598,0.3280520428848849,0.5789209002005926,-0.0092972744757302,0.1760232112676377,-0.0015308004485079989,-0.012581796475970434,0,0,0,0
338.0,1,1.2329001028327804,0.8635817283903598,0.3337069295611548,0.5789209002005926,-0.0171442022315492,0.1760232112676377,0.0012304198942662125,-0.009534750807615372,0,0,0,0
339.0,1,0.0693866928083279,0.8635817283903598,0.3088642835753578,0.5672120166500494,-0.0169856327073946,0.1760232112676377,0.0012719969532943812,-0.010572366501852603,0,0,0,0
340.0,1,1.6045310897628569,0.8635817283903598,0.3442134856789227,0.5672120166500494,-0.0271297718349291,0.1760232112676377,0.004841572740214139,-0.005327392504938459,0,0,0,0
341.0,1,1.5578284135274727,0.8635817283903598,0.3295477455604337,0.5672120166500494,-0.017836466768824,0.1760232112676377,0.001571393149086025,-0.009406355013866002,0,0,0,0
342.0,1,1.3310525910783373,0.8635817283903598,0.2707587043324715,0.5560747281378251,-0.0165447489975419,0.1760232112676377,0.001209478140600906,-0.01145461367858125,0,0,0,0
343.0,1,2.7934688787565367,0.8635817283903598,0.2390060695970344,0.5560747281378251,-0.0137766218162346,0.1760232112676377,0.00023541423657886664,-0.012419122619104874,0,0,0,0
344.0,1,0.1053510211890711,0.8635817283903598,0.2698561010630397,0.5404702469029561,-0.0027449363273709,0.1760232112676377,-0.0035167036704689936,-0.016188804172648334,0,0,0,0
345.0,1,1.532393036618536,-0.5115353058550844,0.2989131235404981,0.5404702469029561,-0.0105120123517969,1.1039983684725398,-0.0007195695139379256,-0.012871886203247529,0,0,0,0
346.0,1,0.8560247110099061,-0.5115353058550844,0.2420061809962068,0.5404702469029561,0.0003371607178373,1.1039983684725398,-0.004537236544188979,-0.01721741100279319,0,0,0,0
347.0,1,0.429768909865133,-0.5115353058550844,0.1943930483264471,0.5404702469029561,0.0068761704161939,1.1039983684725398,-0.006838219446358644,-0.018564292678905706,0,0,0,0
348.0,1,0.4375975965482417,-0.5115353058550844,0.2346904796649757,0.5404702469029561,-0.000138763471071,1.1039983684725398,-0.004369765708095528,-0.0169788048365049,0,0,0,0
349.0,1,1.0659333578602306,-0.5115353058550844,0.2785944957532329,0.5404702469029561,-0.0063315047285516,1.1039983684725398,-0.002190629660231166,-0.014763800169946878,0,0,0,0
350.0,1,0.1723422961910088,-0.5115353058550844,0.287050912645158,0.4965011305151457,-0.0086572032006901,1.1039983684725398,-0.0010065866808171618,-0.013437681179477865,0,0,0,0
351.0,1,0.5253109089281263,-0.5115353058550844,0.3488968216233968,0.4965011305151457,-0.0166671671201118,1.1039983684725398,0.0018120037290146691,-0.008063338707003462,0,0,0,0
352.0,1,0.5799376384989507,-0.5115353058550844,0.3860188534949015,0.4350891522790096,-0.022157973738714,1.1039983684725398,0.004254863722177329,-0.002654330902742596,0,0,0,0
353.0,1,0.9729405333430784,-0.5115353058550844,0.3761003568949118,0.4350891522790096,-0.0182980768633105,1.1039983684725398,0.00289662185924299,-0.004919427495839138,0,0,0,0
354.0,1,1.2500510054185912,-0.5115353058550844,0.3790033564910939,0.392681900051874,-0.0188676167952581,1.1039983684725398,0.0034497090210497336,-0.004109781514806246,0,0,0,0
355.0,1,0.4676913521021653,-0.5115353058550844,0.3374428424796065,0.392681900051874,-0.0120270999256164,1.1039983684725398,0.0010426301077083907,-0.00952033853412108,0,0,0,0
356.0,1,0.1327277791416337,-0.5115353058550844,0.3757682431177656,0.392681900051874,-0.0130059622399563,1.1039983684725398,0.0013870775933024864,-0.006457859583091967,0,0,0,0
357.0,1,0.382876847647894,-0.5115353058550844,0.4594678692162027,0.4790582686668199,-0.0148525802200392,1.1039983684725398,0.001318538105381901,0.003977935790021557,0,0,0,1
358.0,1,1.2703284231975145,-0.5115353058550844,0.5500454857809243,0.542140442459971,-0.0184459322116223,1.1039983684725398,0.0020583721312901985,0.02442612719334522,1,0,0,1
359.0,1,0.3186543407772203,-0.5115353058550844,0.5549775320288475,0.465569126249005,-0.0183783600607679,1.1039983684725398,0.002671389685568058,0.02639338314618129,1,0,0,1
360.0,1,2.698433434027787,2.719532042800164,0.6822478157677618,0.542140442459971,-0.0124492613981556,1.088807364059774,-5.2817452067248117e-05,0.07008505111522934,1,0,0,1
361.0,1,2.5359433011987056,2.719532042800164,0.5224392478257357,0.542140442459971,0.0146908991149298,-0.5419173146806161,-0.009715535972431086,0.00562971400291358,1,0,0,1
362.0,1,0.2881105960188247,2.719532042800164,0.6228134984381476,0.542140442459971,0.034442304893913,-0.5419173146806161,-0.01666576988975919,0.028935800071196616,1,0,0,1
363.0,1,0.6299313592826405,2.719532042800164,0.7152675920497957,0.5560747281378251,0.0445391516438715,-0.5419173146806161,-0.02033458681580063,0.06578736565719345,1,0,0,1
364.0,1,0.290793097749699,2.719532042800164,0.7469955092143797,0.5560747281378251,0.0527756133161823,-0.5419173146806161,-0.023232878507756058,0.07992816571729415,1,0,0,1
365.0,1,0.5556295848777859,2.719532042800164,0.6021223056744267,0.5560747281378251,0.0440245957068566,-0.5419173146806161,-0.02015352202649794,0.01811212391914252,1,0,0,1
366.0,1,0.5779041619022345,2.719532042800164,0.5623480981462549,0.5672120166500494,0.0423968764361073,-0.5419173146806161,-0.01967337295184043,0.006130094984837575,1,0,0,1
367.0,1,0.1572616614783176,2.719532042800164,0.4695551958643774,0.5425855857200101,0.035775631564969,-0.5419173146806161,-0.017138650228862927,-0.012742453600272007,1,0,0,0
368.0,1,0.5565198713978642,2.719532042800164,0.4274162821310486,0.6326741321375955,0.0299125030617312,-0.5419173146806161,-0.015824709612555766,-0.017985052684488124,0,0,0,0
369.0,1,0.1567088320373573,2.719532042800164,0.464677524816966,0.7177115694859982,0.0356082804962782,-0.5419173146806161,-0.018536173873899112,-0.014993305076928289,1,0,0,0
370.0,1,1.534518474219368,2.719532042800164,0.4883516352685505,0.7446125461171146,0.0378640894375649,-0.5419173146806161,-0.01955367881342264,-0.011627669488877057,1,0,0,0
371.0,1,0.3393675377359113,2.719532042800164,0.4797430937552072,0.7177115694859982,0.0396084942025786,-0.5419173146806161,-0.01994379119943011,-0.013682485789842255,1,0,0,0
372.0,1,0.7265947460946696,2.719532042800164,0.4418305069467845,0.7177115694859982,0.0323211581792684,-0.5419173146806161,-0.017379483090785457,-0.017501139246853196,0,0,0,0
373.0,1,0.402486952455854,2.719532042800164,0.4857431432830287,0.7357293695084433,0.0395264278212327,-0.5419173146806161,-0.020064755876321557,-0.012651850938879099,1,0,0,0
374.0,1,0.1972889086542298,2.719532042800164,0.501149085729017,0.7550079370898681,0.0333630518427815,-0.5419173146806161,-0.01805628070090064,-0.00750200485272761,1,0,0,0
375.0,1,1.5636893560479392,-0.5419173146806161,0.4361071774362171,0.7550079370898681,0.0217851512875143,-0.5492963652136595,-0.013982694025082693,-0.014938599409556302,0,0,0,0
376.0,1,1.6207868173870166,-0.5419173146806161,0.4323250869754604,0.7281069604587518,0.0202572403696218,-0.5492963652136595,-0.013221325868285467,-0.014710552980252586,0,0,0,0
377.0,1,0.0283205287964412,-0.5419173146806161,0.4734988873447469,0.7281069604587518,0.0254486203078293,-0.5492963652136595,-0.015048097356250102,-0.0099432890267427,1,0,0,0
378.0,1,0.1197056950573713,-0.5419173146806161,0.4452831941675548,0.7550079370898681,0.0193294001014547,-0.5492963652136595,-0.013118550714127496,-0.012720942908616632,0,0,0,0
379.0,1,0.0255044852801118,-0.5419173146806161,0.411197225705745,0.8348756329068923,0.012461536281573,-0.5492963652136595,-0.011366057925849056,-0.015577700542730975,0,0,0,0
380.0,1,0.0279076570403784,-0.5419173146806161,0.3523460974310763,0.8348756329068923,0.0015333017789172,-0.5492963652136595,-0.007520570321230379,-0.017168473658648608,0,0,0,0
381.0,1,0.0311047533862849,-0.5419173146806161,0.318161565309624,0.8348756329068923,-0.0097727031862619,-0.5492963652136595,-0.0035421507566806296,-0.015035592329156761,0,0,0,0
382.0,1,1.3879865215854852,-0.5419173146806161,0.3336764472141599,0.9240802206854536,-0.0156697419579934,-0.5492963652136595,-0.0022089262825035995,-0.012975702804667892,0,0,0,0
383.0,1,0.3370447828600384,-0.5419173146806161,0.3534786608067491,0.8348756329068923,-0.0180663802468627,-0.5492963652136595,-0.0006237257974157196,-0.010194862311867687,0,0,0,0
384.0,1,1.1455271686475093,-0.5419173146806161,0.3390014761660106,0.9240802206854536,-0.0181334930677091,-0.5492963652136595,-0.0013419679141619643,-0.011817397696746548,0,0,0,0
385.0,1,0.7626303461395596,-0.5419173146806161,0.3617890658722497,0.8348756329068923,-0.0211303550535859,-0.5492963652136595,0.00045444260547264804,-0.008521446179933122,0,0,0,0
386.0,1,1.0065333472546305,-0.5419173146806161,0.3695847137204868,0.9240802206854536,-0.0217916347837348,-0.5492963652136595,-5.472077268667353e-05,-0.008420277911637328,0,0,0,0
387.0,1,0.528651300042156,-0.5419173146806161,0.3293006553047375,0.9240802206854536,-0.0167581374427114,-0.5492963652136595,-0.0018259356590512145,-0.012815900513591555,0,0,0,0
388.0,1,0.1574928201458314,-0.5419173146806161,0.3451195271161224,0.9957010660894512,-0.0164550719897561,-0.5492963652136595,-0.002528205288247188,-0.012641721349781282,0,0,0,0
389.0,1,2.0065889242588675,-0.5419173146806161,0.4700516051942832,0.9957010660894512,-0.027695871797147,-0.5492963652136595,0.0014272695247078918,0.005911739780242377,1,0,0,1
390.0,1,2.866811003364806,-0.5566754157467031,0.4625886212526187,0.9240802206854536,-0.0278222936543118,0.0089026083762167,0.002105885848496917,0.005291063169986614,1,0,0,1
391.0,1,1.906862614626398,-0.5566754157467031,0.3800081461438456,0.8272532238572008,-0.0190555102086003,0.5744806324991365,-0.00013475546604955755,-0.0076037455374414475,0,0,0,0
392.0,1,2.769876740556239,-0.5566754157467031,0.3184291126059635,0.8272532238572008,-0.0122555389378586,0.5744806324991365,-0.002527566969778316,-0.014009987240972773,0,0,0,0
393.0,1,2.287278730344873,-0.5566754157467031,0.2223377778423698,0.8038263228876698,-0.0019996406003322,0.5744806324991365,-0.005941642484500128,-0.01836578847899618,0,0,0,0
394.0,1,0.1310463675410575,-0.5566754157467031,0.2516233591029344,0.7320342454123792,0.0002517126326855,0.5744806324991365,-0.00613681180303569,-0.018865261613261946,0,0,0,0
395.0,1,0.941039521696682,-0.5566754157467031,0.325375016187713,0.7320342454123792,-0.0105251725869193,0.5744806324991365,-0.002344581821301946,-0.013522489583295761,0,0,0,0
396.0,1,0.1698122945287986,-0.5566754157467031,0.3697506517919624,0.7127556778309543,-0.0155646359704808,0.5744806324991365,-0.0004109399152597445,-0.008762950671052736,0,0,0,0
397.0,1,0.7088283928773269,-0.5566754157467031,0.4796399623025303,0.7127556778309543,-0.0248125039972529,0.5744806324991365,0.002843251039139982,0.009085109203567171,1,0,0,1
398.0,1,2.111704639278507,-0.5566754157467031,0.3894994133541046,0.7320342454123792,-0.0156893182193214,0.5744806324991365,-0.0005273936915064284,-0.007097873144683981,0,0,0,0
399.0,1,2.1131478592348047,-0.5566754157467031,0.3507197092245071,0.7320342454123792,-0.0028176625561998,0.5744806324991365,-0.00505674308380075,-0.014813077142003313,0,0,0,0
400.0,1,0.6959760445591154,-0.5566754157467031,0.2528954902259971,0.7063295036718484,0.0021441437983898,0.5744806324991365,-0.0065889608668400785,-0.019319851945177435,0,0,0,0
401.0,1,0.51580084897811,-0.5566754157467031,0.2710178125522766,0.6796233695835561,-0.0048046081770894,0.5744806324991365,-0.003921697556381217,-0.016583397155995123,0,0,0,0
402.0,1,2.360390008590927,-0.5566754157467031,0.3262244799367335,0.7320342454123792,-0.0031352631569071,0.5744806324991365,-0.004944984027665694,-0.016083200743577414,0,0,0,0
403.0,1,0.7473855280401767,-0.5566754157467031,0.2551405657034412,0.7320342454123792,0.0070243033667111,0.5744806324991365,-0.00851998849205362,-0.021252899948027523,0,0,0,0
404.0,1,0.1512699603240006,-0.5566754157467031,0.2151191388082778,0.6796233695835561,0.0032719849663197,0.5744806324991365,-0.0067637338260988925,-0.01904361231883373,0,0,0,0
405.0,1,0.2452096725355272,0.5744806324991365,0.2667325786504012,0.6796233695835561,-0.0049402805737418,0.9734224007641312,-0.0038464370746654985,-0.016542379594884436,0,0,0,0
406.0,1,1.134734904591826,0.5744806324991365,0.3254357606658266,0.6796233695835561,-0.0112734458889853,0.9734224007641312,-0.0016178878326217603,-0.012792975173993366,0,0,0,0
407.0,1,1.0503626104822206,0.5744806324991365,0.3454265807235714,0.6796233695835561,-0.0003555553941516,0.9734224007641312,-0.0054597355305517304,-0.015554313084648896,0,0,0,0
408.0,1,0.907120919674225,0.5744806324991365,0.2319418224687783,0.618467796930108,-0.0029238444357815,0.9734224007641312,-0.004047399550915337,-0.01662223445747712,0,0,0,0
409.0,1,0.4327658070279843,0.5744806324991365,0.2101852056814513,0.618467796930108,-0.0029181970870412,0.9734224007641312,-0.0040493867712275014,-0.016215846811969952,0,0,0,0
410.0,1,0.3997294652998782,0.5744806324991365,0.3353119840661872,0.6796233695835561,0.0038739108833284,0.9734224007641312,-0.006948023518904235,-0.017627635421308317,0,0,0,0
411.0,1,1.260344522863441,0.5744806324991365,0.4067201445142575,0.7884750402598721,0.007070054257049,0.9734224007641312,-0.008977950640068866,-0.013711817674809383,0,0,0,0
412.0,1,0.4372219330442846,0.5744806324991365,0.3300414179501775,0.6796233695835561,0.0045009771844732,0.9734224007641312,-0.007168679077470479,-0.01812188104456556,0,0,0,0
413.0,1,1.8561488882915216,0.5744806324991365,0.2812728834426346,0.6796233695835561,-0.0053605077932091,0.9734224007641312,-0.0036985651962580432,-0.016231735438428933,0,0,0,0
414.0,1,0.6425637763825307,0.5744806324991365,0.2801649108350549,0.6796233695835561,0.0048517808230928,0.9734224007641312,-0.0072921218022435385,-0.01984239651997527,0,0,0,0
415.0,1,1.3791953954416265,0.5744806324991365,0.2815321963288247,0.7884750402598721,0.003513019781935,0.9734224007641312,-0.007726281673784512,-0.020255334738453368,0,0,0,0
416.0,1,2.043683671267705,0.5744806324991365,0.2421599160315039,0.6555273901311334,0.0001354841136366,0.9734224007641312,-0.005432134204826685,-0.018113488672825424,0,0,0,0
417.0,1,1.8928337669486175,0.5744806324991365,0.2733915540180024,0.6555273901311334,0.0158868068213911,0.9734224007641312,-0.01097479676521541,-0.023612637574901906,0,0,0,0
418.0,1,0.5943718174776853,0.5744806324991365,0.302112160094521,0.6555273901311334,0.0262034471797202,0.9734224007641312,-0.01460507323939082,-0.026665887543981463,0,0,0,0
419.0,1,0.3706100124234188,0.5744806324991365,0.2692835972149919,0.6428525610747529,0.0179756597998582,0.9734224007641312,-0.01160442536720327,-0.024281344741685452,0,0,0,0
420.0,0,0.7166829627845815,1.3723641690291262,,,,,,,0,0,0,0
421.0,0,1.2896941091032268,1.3723641690291262,,,,,,,0,0,0,0
422.0,0,0.8602671177351628,1.3723641690291262,,,,,,,0,0,0,0
423.0,0,0.0037460427746008,1.3723641690291262,,,,,,,0,0,0,0
424.0,0,0.1318221126793996,1.3723641690291262,,,,,,,0,0,0,0
425.0,0,0.15532124593688,1.3723641690291262,,,,,,,0,0,0,0
426.0,0,0.2732463707456238,1.3723641690291262,,,,,,,0,0,0,0
427.0,0,2.551703472668789,1.3723641690291262,,,,,,,0,0,0,0
428.0,0,1.760184805602426,1.3723641690291262,,,,,,,0,0,0,0
429.0,0,0.5083726632628514,1.3723641690291262,,,,,,,0,0,0,0
430.0,0,0.0664697725505047,1.3723641690291262,,,,,,,0,0,0,0
431.0,0,1.551461652360606,1.3723641690291262,,,,,,,0,0,0,0
432.0,0,0.9670686632817136,1.3723641690291262,,,,,,,0,0,0,0
433.0,0,0.4388815416621245,1.3723641690291262,,,,,,,0,0,0,0
434.0,0,0.363540584201,1.3723641690291262,,,,,,,0,0,0,0
435.0,0,0.5690221593649241,-0.5251190384887242,,,,,,,0,0,0,0
436.0,0,2.314395905785991,-0.5251190384887242,,,,,,,0,0,0,0
437.0,0,0.3955850817646847,-0.5251190384887242,,,,,,,0,0,0,0
438.0,0,0.902508579431132,-0.5251190384887242,,,,,,,0,0,0,0
439.0,0,2.4611611416991117,-0.5251190384887242,,,,,,,0,0,0,0
440.0,0,2.0789906727672367,-0.5251190384887242,,,,,,,0,0,0,0
441.0,0,0.38122480119351,-0.5251190384887242,,,,,,,0,0,0,0
442.0,0,0.0701622945590279,-0.5251190384887242,,,,,,,0,0,0,0
443.0,0,1.6394987571564392,-0.5251190384887242,,,,,,,0,0,0,0
444.0,0,1.1314253087642576,-0.5251190384887242,,,,,,,0,0,0,0
445.0,0,0.0616960303137174,-0.5251190384887242,,,,,,,0,0,0,0
446.0,0,2.225491999951437,-0.5251190384887242,,,,,,,0,0,0,0
447.0,0,1.5569080872132226,-0.5251190384887242,,,,,,,0,0,0,0
448.0,0,0.0473655489704313,-0.5251190384887242,,,,,,,0,0,0,0
449.0,0,0.191285857781761,-0.5251190384887242,,,,,,,0,0,0,0
