t,valid,kappa,mq,a,kL,kS,mqL,g,h
0,True,,-0.8999762415106161,,0.41252323221717185,-0.02552246312885149,-0.22846506947735773,0.005534530932384641,
1,True,,-0.8999762415106161,,0.4468125302937448,-0.014628694816535032,0.4430461025559006,0.0014623304604163554,
2,True,0.4968570257455575,-0.8999762415106161,0.43561596107779504,0.46520271813016867,-0.0032626099720420585,0.4430461025559006,-0.002690169907452324,-0.0037161469574387568
3,True,0.1674981607530148,-0.8999762415106161,0.4925908523148576,0.46520271813016867,0.0023752410808551695,0.4430461025559006,-0.004674048120839294,0.004102077660935469
4,True,0.67380963938163,-0.8999762415106161,0.536903270310445,0.5287382782022519,0.001376396436345478,0.4430461025559006,-0.0048509542183114845,0.014056981127243656
5,True,0.945808863306564,-0.8999762415106161,0.4934783455526051,0.46520271813016867,-0.00301368069906473,0.4430461025559006,-0.0027777645169410224,0.006178894574308438
6,True,0.3519187754292897,-0.8999762415106161,0.459955902169707,0.46520271813016867,-0.0039333529930680525,0.4430461025559006,-0.002454145143103324,0.00028679831274703443
7,True,2.2984299436107,-0.8999762415106161,0.44168056444429543,0.46520271813016867,-0.011725129123661929,0.4430461025559006,0.00028766814072406037,0.00014373529576874877
8,True,2.914602579703075,-0.8999762415106161,0.3870712003902698,0.46520271813016867,-0.0018182539651304661,0.4430461025559006,-0.003198417888394282,-0.010006335153379915
9,True,1.2863472175839452,-0.8999762415106161,0.3570610209957864,0.41252323221717185,0.011078968443911168,0.4430461025559006,-0.007298661876587727,-0.016620133082429454
10,True,1.233181331843132,-0.8999762415106161,0.3514544912868292,0.37237361056172336,0.013724491757984542,0.4430461025559006,-0.007895684239246822,-0.01760329414932552
11,True,0.2324391816916755,-0.8999762415106161,0.41259053038425647,0.37237361056172336,0.016833527334320676,0.4430461025559006,-0.008989708874993207,-0.013034992034988088
12,True,0.0098991381413515,-0.8999762415106161,0.4170208985223121,0.37237361056172336,0.011012745101101873,0.4430461025559006,-0.006941459826019396,-0.010445549594037214
13,True,0.2265953761617418,-0.8999762415106161,0.4085491296370748,0.37237361056172336,0.005409122031559,0.4430461025559006,-0.0049696259447419055,-0.009492418673330831
14,True,0.1731497910121433,-0.8999762415106161,0.349672659108049,0.3920619344100392,0.005623732370086723,0.4430461025559006,-0.005208879557135075,-0.01503389606854548
15,True,0.3782339341405989,0.4430461025559006,0.3744504851734959,0.4263512324866122,0.015218101214817993,0.7153882406519224,-0.00885137516232634,-0.01680999914462571
16,True,0.3113635434918293,0.4430461025559006,0.4449686084007802,0.46520271813016867,0.026101266943321044,0.7153882406519224,-0.013004106955476817,-0.012654312596799451
17,True,0.4835929059665925,0.4430461025559006,0.40957361548018506,0.48910407473075085,0.02226250079825408,0.7153882406519224,-0.011852073159461072,-0.01625526919879529
18,True,0.85139512767388,0.4430461025559006,0.41980053210111296,0.5342494469664103,0.0236650425715226,0.7153882406519224,-0.012721052829451886,-0.01587604457726418
19,True,0.575209693946283,0.4430461025559006,0.4020111797391509,0.470713886894327,0.021711288838152303,0.7153882406519224,-0.011505170082934016,-0.016768181464294825
20,True,0.4468125302937448,0.4430461025559006,0.4264179074854472,0.470713886894327,0.025369790051735282,0.7153882406519224,-0.012792543726398264,-0.015086488160241496
21,True,0.5738836504379115,0.4430461025559006,0.437031601279246,0.5342494469664103,0.027130248310159946,0.7153882406519224,-0.013940408592008503,-0.014763792301225355
22,True,0.0366308328549725,0.4430461025559006,0.44590608604940696,0.5664121322219362,0.027934440646559967,0.7153882406519224,-0.014490868954562367,-0.01399829108517274
23,True,0.1102421930282958,0.4430461025559006,0.39287036419997906,0.647922227410919,0.020800898688001834,0.7153882406519224,-0.012658546670282413,-0.018890684839849205
24,True,0.6860280581657386,0.4430461025559006,0.3522306859471717,0.6656803949613468,0.016127611452040072,0.7153882406519224,-0.011161767958140542,-0.020817435930518616
25,True,1.3483783197490378,0.4430461025559006,0.337582960201743,0.647922227410919,0.01235529967367373,0.7153882406519224,-0.009686662573607355,-0.020241838540821087
26,True,0.0999162974799925,0.4430461025559006,0.40046047252090794,0.613528608767645,0.012093030774613983,0.7153882406519224,-0.009308343965511149,-0.014741130658037293
27,True,0.288813439679858,0.4430461025559006,0.31172163910499784,0.613528608767645,0.0013844794640487255,0.7153882406519224,-0.005540159697668596,-0.017283262262970583
28,True,0.2903790278500722,0.4430461025559006,0.2811982694339878,0.613528608767645,-0.008380427789311055,0.7153882406519224,-0.002104030120295383,-0.014638377007356962
29,True,0.291473944003537,0.4430461025559006,0.2932342466631692,0.613528608767645,-0.016550842542853557,0.7153882406519224,0.0007710206165556322,-0.01152653283346193
30,True,1.8446239228863317,0.9877303787479442,0.31473333665446107,0.613528608767645,-0.026035650726902795,0.6241212836630178,0.004102291715015649,-0.007527774355878373
31,True,2.2191235716143334,0.9877303787479442,0.21587582850014864,0.613528608767645,-0.004728677088397199,0.6241212836630178,-0.0033953240251021156,-0.01569154377588365
32,True,1.849408576548773,0.9877303787479442,0.30044210018821366,0.613528608767645,0.0159590297124354,0.6241212836630178,-0.010675028725001609,-0.022784489927978706
33,True,1.2660734302222605,0.9877303787479442,0.33107047614495966,0.613528608767645,0.028694360651879844,0.6241212836630178,-0.015156407419469475,-0.026057850832908257
34,True,0.2749666941827299,0.9877303787479442,0.37543767692867264,0.613528608767645,0.03838941112278635,0.6241212836630178,-0.018567955405831137,-0.026441551599712752
35,True,0.4946152434949092,0.9877303787479442,0.3413420181810406,0.613528608767645,0.030311788064112645,0.6241212836630178,-0.015725556723833335,-0.0260659897965718
36,True,0.0331703724293106,0.9877303787479442,0.2775346326407617,0.613528608767645,0.021049923094954015,0.6241212836630178,-0.012466440447924736,-0.02505417393897873
37,True,0.6737253560498189,0.9877303787479442,0.2766195790272589,0.613528608767645,0.009850897773633004,0.6241212836630178,-0.00852566547219698,-0.021125398189478596
38,True,0.3665132869828478,0.9877303787479442,0.3100715817291568,0.5100242631854662,0.0023572819617233903,0.6241212836630178,-0.0050279903000712365,-0.01683027586277415
39,True,0.3423184665818207,0.9877303787479442,0.32869232804140996,0.5100242631854662,-0.006246856032904109,0.6241212836630178,-0.0020003186300747927,-0.013020164526103948
40,True,0.4058899346794796,0.9877303787479442,0.3426020088730482,0.5100242631854662,-0.014500377388345661,0.6241212836630178,0.0009039761175436624,-0.009362013695380696
41,True,0.0344724452456302,0.9877303787479442,0.36625129852978067,0.5100242631854662,-0.023724445581447255,0.6241212836630178,0.0041497922548263426,-0.00448296977663145
42,True,0.2923668700005009,0.9877303787479442,0.32848363784707973,0.613528608767645,-0.01612994584200364,0.6241212836630178,0.0006166174882562289,-0.010413415117371247
43,True,0.9820327753233816,0.9877303787479442,0.36721937795891135,0.647922227410919,-0.01738226950230888,0.6241212836630178,0.0007712620876818143,-0.007784862590842979
44,True,2.5451259623353057,0.9877303787479442,0.3115784714685767,0.613528608767645,-0.021297497294787606,0.6241212836630178,0.0024350040769664824,-0.009313310320959839
45,True,2.6892461657221447,0.26051218857809133,0.2766929222259019,0.613528608767645,-0.01084624317572895,0.7143972500451101,-0.0012364137221893164,-0.01383520424364137
46,True,0.6382090209489633,0.26051218857809133,0.28981270415851235,0.613528608767645,0.005826803358603113,0.7143972500451101,-0.007103417561045697,-0.01947800193986108
47,True,1.289045566159813,0.26051218857809133,0.3410114178343945,0.6232418152296008,0.010742369020635198,0.7143972500451101,-0.00891391259181183,-0.019273672744765193
48,True,0.4312003297846056,0.26051218857809133,0.3069910293050379,0.6214988696759954,0.010477908644297351,0.7143972500451101,-0.008806357835760005,-0.020713971677544046
49,True,1.5673536000029495,0.26051218857809133,0.2948084337041152,0.6558924883192694,0.0053528585705191764,0.7143972500451101,-0.0072889568445796225,-0.01954843659507552
50,True,1.4788328000686517,0.26051218857809133,0.2782230167080221,0.6214988696759954,0.004717323249429908,0.7143972500451101,-0.006779291183234691,-0.019357647358254376
51,True,1.2659507481920966,0.26051218857809133,0.30059548467606056,0.6031282504747304,0.006227919475896172,0.7143972500451101,-0.0071580713159317445,-0.019263144746509225
52,True,0.6576354338728747,0.26051218857809133,0.3042619908043026,0.5539562816437014,0.004398790462065399,0.7143972500451101,-0.0061054951104957365,-0.018100846921530373
53,True,1.0031148136912704,0.26051218857809133,0.2785881481139156,0.47424158566359026,-0.0011374556626737844,0.7143972500451101,-0.003494433482955105,-0.016067693341133674
54,True,0.5888481965863268,0.26051218857809133,0.28292424424819324,0.42379599905866483,-0.003659182883114894,0.7143972500451101,-0.0021875501159343046,-0.014693759732520587
55,True,0.4181731934912249,0.26051218857809133,0.28548068867854065,0.42379599905866483,-0.004202357885297084,0.7143972500451101,-0.0019964146916786555,-0.014457400778602834
56,True,0.0694101934259665,0.26051218857809133,0.276308726491713,0.47424158566359026,-0.007712780574361334,0.7143972500451101,-0.0011806717826466087,-0.013784360043223427
57,True,0.0116466217306124,0.26051218857809133,0.3327211183439285,0.5682363355321048,-0.011615924928820734,0.7143972500451101,-0.0005889066539426893,-0.011405650967870336
58,True,0.2380044464721142,0.26051218857809133,0.4043142404957304,0.6357789235643989,-0.015148256788728961,0.7143972500451101,9.236082585767863e-05,-0.004914420328519135
59,True,0.0294909970362136,0.26051218857809133,0.49316748562401164,0.7140643632975404,-0.020560621171456767,0.7143972500451101,0.001345843044620605,0.01023916606965572
60,True,3.1238856195563067,1.168282311512129,0.5417625221704984,0.7894153438895958,-0.01511779401546025,0.36513609799090574,-0.001220147856944575,0.01894203018735551
61,True,2.7157969936056783,1.168282311512129,0.41967907997905696,0.7894153438895958,0.0017753099949645351,-0.4380101155303176,-0.007219988418112194,-0.01039038823126455
62,True,1.912644655470344,1.168282311512129,0.3630085361519821,0.7894153438895958,0.01527079048978514,-0.4380101155303176,-0.011968852742774493,-0.020852615099754654
63,True,2.0693274481561033,1.168282311512129,0.4009725588776873,0.7140643632975404,0.015876949881464725,-0.4380101155303176,-0.011555505005563668,-0.01693247133916572
64,True,0.4294188046261047,1.168282311512129,0.5266790092402667,0.7140643632975404,0.025437925188276967,-0.4380101155303176,-0.014919873881567985,0.0014434633764007637
65,True,0.0217164530598805,1.168282311512129,0.4883466467275071,0.7140643632975404,0.018361195646507646,-0.4380101155303176,-0.012429675146584832,-0.004504654339554423
66,True,0.1821115440665548,1.168282311512129,0.45759168100280073,0.7894153438895958,0.014382595560623707,-0.4380101155303176,-0.01165630979818949,-0.009308075958398394
67,True,0.0819906335783815,1.168282311512129,0.39795981098659844,0.7894153438895958,0.005351862994811569,-0.4380101155303176,-0.008478525670843283,-0.014180452272646544
68,True,0.1974495123651518,1.168282311512129,0.3156704819176238,0.7894153438895958,-0.005308237555337356,-0.4380101155303176,-0.004727390524573849,-0.01632095337722507
69,True,0.265998949480231,1.168282311512129,0.32865654422518914,0.7894153438895958,-0.01423470714628132,-0.4380101155303176,-0.0015862950295386334,-0.01260788995297871
70,True,0.0423450673935925,1.168282311512129,0.41079972611972543,0.7894153438895958,-0.021369810016046098,-0.4380101155303176,0.0009244444349825186,-0.0033343241028748957
71,True,3.021183525830429,1.168282311512129,0.5405394631674396,0.7894153438895958,-0.03333699244876404,-0.4380101155303176,0.005135522784009842,0.024979265066028322
72,True,1.580225726240689,1.168282311512129,0.46011359646712346,0.7140643632975404,-0.02442326882204665,-0.4380101155303176,0.0026255588662001256,0.005392905154377993
73,True,0.5190643667010758,1.168282311512129,0.46074502605511103,0.6357789235643989,-0.024033232342421593,-0.4380101155303176,0.003139361170204219,0.006012690450102692
74,True,1.0430474900716389,1.168282311512129,0.5360558422907276,0.6357789235643989,-0.02893196556993408,-0.4380101155303176,0.004863154514879871,0.023555334990394937
75,True,1.749774167903866,-0.4380101155303176,0.5945169822368384,0.5737596172503918,-0.03162332146143966,-0.6452777152169619,0.006311681577082964,0.04203025957392919
76,True,2.055061442777786,-0.4380101155303176,0.6074992143792589,0.5737596172503918,-0.00977171562244456,-0.6452777152169619,-0.001377582354291091,0.03873685764961984
77,True,0.6541495427656641,-0.4380101155303176,0.676948599213163,0.5737596172503918,0.009284202795420471,-0.6452777152169619,-0.008083084332009105,0.059650232696901534
78,True,0.7739791838294168,-0.4380101155303176,0.6506180589249266,0.5737596172503918,0.01197274414181208,-0.6452777152169619,-0.009029143132224382,0.047394973944851516
79,True,0.2789852233003689,-0.4380101155303176,0.6678171105720412,0.5737596172503918,0.01797093606778889,-0.6452777152169619,-0.011139820085199916,0.05255191033178098
80,True,0.6174083043631339,-0.4380101155303176,0.7055241850034167,0.7111299041564543,0.022094504911430578,-0.6452777152169619,-0.013733266107853399,0.06749021487845046
81,True,0.2679058789019953,-0.4380101155303176,0.6800632218248507,0.8498116550608167,0.021575100647725318,-0.6452777152169619,-0.014703823688372126,0.05443747970410019
82,True,0.2747401406875951,-0.4380101155303176,0.6060658673047928,0.8498116550608167,0.013332241854912455,-0.6452777152169619,-0.011803280942269756,0.027814402967341424
83,True,0.346278454966181,-0.4380101155303176,0.5342048162504122,0.8498116550608167,0.004468047132521159,-0.6452777152169619,-0.00868409907244457,0.009539872782408546
84,True,1.0504917182033169,-0.4380101155303176,0.547116398629817,0.9726317621875877,0.0038219428882758713,-0.6452777152169619,-0.009478161501919881,0.012099836725498095
85,True,0.8048515039497748,-0.4380101155303176,0.5736093993087575,1.0191172712157974,0.010071432371885354,-0.6452777152169619,-0.012063857012618693,0.01705516913793389
86,True,1.1434627362597365,-0.4380101155303176,0.5677480970304073,1.0191172712157974,0.0026717942077069314,-0.6452777152169619,-0.009460031405463561,0.01791273904315492
87,True,1.3367585283711532,-0.4380101155303176,0.5904492518256123,1.0281239656440642,0.007008296767720531,-0.6452777152169619,-0.011060886895078174,0.023327750305479747
88,True,0.8947718061718586,-0.4380101155303176,0.6006586030980587,1.0281239656440642,0.011205304115805965,-0.6452777152169619,-0.012537753055813816,0.02523152758777357
89,True,2.845514482671109,-0.4380101155303176,0.6190956638624271,0.900990917199302,0.008067356142325344,-0.6452777152169619,-0.010376269395449434,0.033862782212885134
90,True,1.5067147631470397,-0.8525453149036061,0.5105457299309174,0.5853083197099921,0.015456549467565072,-0.11073511107581296,-0.010314213891313883,0.0022892136556367654
91,True,1.3047867627680791,-0.8525453149036061,0.5583427959354407,0.46308193998318403,0.016248905245058426,0.13243257239252365,-0.0095597790106644,0.015103962184444097
92,True,0.0681730959370885,-0.8525453149036061,0.5654067934804975,0.46308193998318403,0.02386321855031878,0.13243257239252365,-0.012239145693905494,0.014448583406003912
93,True,1.1614761251162695,-0.8525453149036061,0.5524887444803472,0.46308193998318403,0.01341337553439905,0.13243257239252365,-0.008561997131787378,0.014472782130657266
94,True,0.2730272288740685,-0.8525453149036061,0.48965253234663264,0.46308193998318403,0.02851783725044746,0.13243257239252365,-0.013877038668403912,-0.005692296492562532
95,True,1.1782714237448846,-0.8525453149036061,0.44001406804082704,0.5853083197099921,0.03140864346400265,0.13243257239252365,-0.015910751058300875,-0.01630074413346634
96,True,0.3034964797064656,-0.8525453149036061,0.46755657287766084,0.46308193998318403,0.027534545907927463,0.13243257239252365,-0.013531032671875325,-0.009487563254361252
97,True,0.1663416178726491,-0.8525453149036061,0.458028733624598,0.5143711608896162,0.019873513621023825,0.13243257239252365,-0.011261766272113338,-0.008841377609011596
98,True,0.3174501657286828,-0.8525453149036061,0.4456149849359529,0.5143711608896162,0.009710990758630475,0.13243257239252365,-0.007685721514884686,-0.007237576023124699
99,True,0.5301109301376496,-0.8525453149036061,0.43474328929767475,0.5472918629802168,0.0024375969364711504,0.13243257239252365,-0.005400100126736832,-0.006549970074559458
100,True,0.0384315049833783,-0.8525453149036061,0.4352880783648078,0.5315520937321834,-0.004394214301168496,0.13243257239252365,-0.002865186891662467,-0.003937802289631455
101,True,0.0904264498385334,-0.8525453149036061,0.4067278744784718,0.6024892525525593,-0.012254581348344186,0.13243257239252365,-0.0006891769489774279,-0.00542215846790161
102,True,0.1074679639460538,-0.8525453149036061,0.38811130305911634,0.6024892525525593,-0.02345213546539371,0.13243257239252365,0.003251080331253539,-0.0034557740156374687
103,True,0.3204840600686571,-0.8525453149036061,0.36261346887732737,0.6024892525525593,-0.03277265666497421,0.13243257239252365,0.006530836885970777,-0.0023829064163459757
104,True,0.0888124630893041,-0.8525453149036061,0.3567247053460226,0.710941174419425,-0.03327387700051214,0.13243257239252365,0.005805283016274606,-0.003540071434356109
105,True,3.0716957703940224,0.6310750927519801,0.4061140252278232,0.9516937560058483,-0.03980920746483363,0.13243257239252365,0.006102784269852114,0.0012996555491608386
106,True,2.403189657494337,0.6310750927519801,0.33883570114669714,0.710941174419425,-0.031336238000773106,0.12428669741427217,0.005122893978203347,-0.0053619357840432764
107,True,1.387781567616263,0.6310750927519801,0.29310287767404697,0.710941174419425,-0.02162845448841667,0.12428669741427217,0.0017068654187854528,-0.010593790052275556
108,True,1.8232789652700685,0.6310750927519801,0.26634952790348615,0.6024892525525593,-0.021627919479552005,0.12428669741427217,0.0026086032106941797,-0.01008985178835212
109,True,2.1342093647247373,0.6310750927519801,0.25567107827109015,0.5543221849095177,-0.020463839967461886,0.12428669741427217,0.0025995555158394253,-0.010133404425634382
110,True,1.1807324217033066,0.6310750927519801,0.3569551426836427,0.5397307054600804,-0.01668441504255852,0.12428669741427217,0.0013909786755155337,-0.007938021376676489
111,True,0.3960529498287184,0.6310750927519801,0.3252207396364216,0.5169606142827462,-0.016417256407162538,0.12428669741427217,0.0014863338666314702,-0.009698724744420286
112,True,0.301278019588884,0.6310750927519801,0.32542488706076356,0.5169606142827462,-0.024242631964719007,0.12428669741427217,0.00423997030266844,-0.006935622111865261
113,True,1.5004402511210468,0.6310750927519801,0.32764946663884964,0.5169606142827462,-0.03014001228152494,0.12428669741427217,0.006315173108985238,-0.004755250780158994
114,True,1.8960749490060715,0.6310750927519801,0.3108699991747389,0.5169606142827462,-0.023629709803204373,0.12428669741427217,0.004024291862191361,-0.007749598565033723
115,True,0.1013571671667161,0.6310750927519801,0.2937587368718162,0.4942572945599102,-0.018295073574628274,0.12428669741427217,0.0023359197118937524,-0.009949133455518221
116,True,1.509978397513895,0.6310750927519801,0.2961585726882428,0.5169606142827462,-0.02142120004186305,0.12428669741427217,0.0032471492313433975,-0.0089783441310533
117,True,1.307007045425527,0.6310750927519801,0.3126334074551412,0.4942572945599102,-0.020477526553126353,0.12428669741427217,0.003103893337865805,-0.00860567410758637
118,True,0.6405057092823345,0.6310750927519801,0.2818314424114709,0.4942572945599102,-0.010803214489791862,0.12428669741427217,-0.00030035710292814947,-0.012824605111513301
119,True,0.1694003635062021,0.6310750927519801,0.4183317164004292,0.4942572945599102,0.0033417747534049726,0.12428669741427217,-0.005277774158625381,-0.008618158255242356
120,True,0.3934616838440098,-0.36620994796693285,0.40172432089906723,0.5169606142827462,-0.0013077054475152691,0.12428669741427217,-0.0038304985011729862,-0.00912508242842884
121,True,1.5899430955838152,-0.36620994796693285,0.4721346904888258,0.5397307054600804,0.0035140975894884787,0.12428669741427217,-0.005716585674370462,-0.0008587989084901382
122,True,0.1315621877799434,-0.36620994796693285,0.49821036288768317,0.5397307054600804,0.014243561506790467,0.12428669741427217,-0.009492128785946357,0.00044216889579657553
123,True,2.9281478446533185,-0.36620994796693285,0.43698392901981326,0.5397307054600804,0.00457889700631667,0.12428669741427217,-0.006091273182935813,-0.0069215118814912185
124,True,2.1065919046145365,-0.36620994796693285,0.44423918948406427,0.5397307054600804,0.01843398854977436,0.12428669741427217,-0.010966679432524938,-0.01072736080701489
125,True,0.2168097275799519,-0.36620994796693285,0.39158944096110115,0.5169606142827462,0.023594446200073546,0.12428669741427217,-0.0125932053652932,-0.018955108175866226
126,True,0.4986313916415829,-0.36620994796693285,0.38632777862964063,0.5397307054600804,0.019779402090692913,0.12428669741427217,-0.011440110991248451,-0.018319676373163753
127,True,0.2709717503964883,-0.36620994796693285,0.3358825746290167,0.5397307054600804,0.01425413556074683,0.12428669741427217,-0.009495849642541252,-0.020144569904812434
128,True,0.564472795822784,-0.36620994796693285,0.3098713266418969,0.5397307054600804,0.008722927561847614,0.12428669741427217,-0.007549497576874517,-0.019358834062694362
129,True,0.4226271158547217,-0.36620994796693285,0.33301209972647416,0.5125865172010735,0.002648626799287618,0.12428669741427217,-0.005186297976577101,-0.015987896408758605
130,True,0.7813766395565155,-0.36620994796693285,0.3112636085826476,0.5397307054600804,5.596958277339739e-05,0.12428669741427217,-0.00449972046327202,-0.01625944562884732
131,True,0.2597694360928468,-0.36620994796693285,0.3348853797825525,0.5125865172010735,-0.0027704651660526098,0.12428669741427217,-0.003279397920951449,-0.013981942832028834
132,True,0.5441715739962514,-0.36620994796693285,0.360911818391081,0.5125865172010735,-0.010101778192031055,0.12428669741427217,-0.0006996149413559654,-0.009741014797341876
133,True,1.7135738368987012,-0.36620994796693285,0.3596663207965318,0.49966159331851906,-0.012744502628569692,0.12428669741427217,0.0003378099699506215,-0.008795509628090937
134,True,1.122010872455181,-0.36620994796693285,0.2701017935688252,0.49966159331851906,0.0020640502855566126,0.12428669741427217,-0.004873105540672191,-0.017543075953568903
135,True,0.3309530266056202,0.6147833427954772,0.31156644449928794,0.49966159331851906,0.012839615588462458,-0.4044594107621218,-0.008701344400311622,-0.02045009595893104
136,True,1.0479424458953952,0.6147833427954772,0.29354556351077327,0.522364913041355,0.009835787627264342,-1.208508988691883,-0.00788861395086458,-0.020178770011826032
137,True,0.5352898369239095,0.6147833427954772,0.33629588917473247,0.522364913041355,0.014925192583197312,-1.208508988691883,-0.00967950191800775,-0.02030568915384013
138,True,0.191315000832384,0.6147833427954772,0.3290297828090327,0.49966159331851906,0.008542125826997602,-1.208508988691883,-0.007244583927376558,-0.018247888454310024
139,True,0.151770425612571,0.6147833427954772,0.29447553157761025,0.49966159331851906,-0.0003735593154902591,-1.208508988691883,-0.004107283323716569,-0.016374953830305676
140,True,0.4898831974782375,0.6147833427954772,0.2665420675831726,0.5926439972032793,-0.0046461649700579,-1.208508988691883,-0.0033770910677306497,-0.016074294361978027
141,True,0.0266909210072328,0.6147833427954772,0.292754805105413,0.6673590859063245,-0.007436830660768822,-1.208508988691883,-0.003016454334452625,-0.015325272900231094
142,True,0.4013680722819056,0.6147833427954772,0.35865964948540763,0.6673590859063245,-0.014182147172159761,-1.208508988691883,-0.000642875049758487,-0.009849555335189008
143,True,1.0495985926950993,0.6147833427954772,0.36693145663605414,0.6983134491873997,-0.008982192563042604,-1.208508988691883,-0.002730091705539133,-0.011309091675659973
144,True,0.413357946354098,0.6147833427954772,0.3515476941259675,0.6983134491873997,-0.002153568162495166,-1.208508988691883,-0.005132985831074251,-0.014834384349702322
145,True,0.91817480545914,0.6147833427954772,0.4066975303844195,0.7349673067661592,-0.005151960035549855,-1.208508988691883,-0.004382722068790022,-0.009119179374387748
146,True,0.0995585274561761,0.6147833427954772,0.4255551938795238,0.6983134491873997,-0.010394851730294592,-1.208508988691883,-0.0022329973838627194,-0.0046416056604510515
147,True,1.5725065470231094,0.6147833427954772,0.5281851400620835,0.6983134491873997,-0.021150057992916256,-1.208508988691883,0.0015516040865740303,0.01828181267643727
148,True,2.9962387658891556,0.6147833427954772,0.5077126664882816,0.6673590859063245,-0.019126926591366715,-1.208508988691883,0.0010971212835479394,0.013071958413568237
149,True,0.749155720405277,0.6147833427954772,0.35143425765810854,0.6057801505272666,-0.008023207530314158,-1.208508988691883,-0.0022980037324949855,-0.01200696116537997
150,True,2.0176739251568083,-1.4237021643197207,0.39461555706719803,0.5310650618242212,-0.012579963247239038,-1.208508988691883,-7.318917973893467e-05,-0.006126154524036729
151,True,1.7663786277648168,-1.4237021643197207,0.32255647695630874,0.5310650618242212,0.004619972273084241,-0.9933158130640453,-0.006110753428742891,-0.017416515524722814
152,True,0.1764155921917092,-1.4237021643197207,0.54632544372597,0.5310650618242212,0.02346030174730621,-0.9933158130640453,-0.012740392776475179,0.008626188260158929
153,True,0.8356174840269133,-1.4237021643197207,0.4096528079935903,0.5310650618242212,0.017800669817901602,-0.9933158130640453,-0.01074885018778527,-0.015142760500036906
154,True,0.2218517623097393,-1.4237021643197207,0.36229469375664736,0.5310650618242212,0.018231530856605414,-0.9933158130640453,-0.01090046395332498,-0.019838304100429135
155,True,0.7207788931270414,-1.4237021643197207,0.33269910931373653,0.6057801505272666,0.015444994827595447,-0.9933158130640453,-0.01054128038824887,-0.021359167671573864
156,True,0.1891932712215904,-1.4237021643197207,0.3308280524459104,0.567176917736745,0.014010559497679575,-0.9933158130640453,-0.009715484673925433,-0.02062919342650516
157,True,0.4102920896634386,-1.4237021643197207,0.29615164736457333,0.567176917736745,0.006854614035672816,-0.9933158130640453,-0.007197411002758624,-0.019423081840518823
158,True,0.0219785137208016,-1.4237021643197207,0.28384354179298094,0.6202669337743697,0.00610331588371114,-0.9933158130640453,-0.007374556144876277,-0.019864992615422485
159,True,0.6758480052477579,-1.4237021643197207,0.22486490365871958,0.6202669337743697,-0.0030676995651912954,-0.9933158130640453,-0.0041474085006753736,-0.016615838275518217
160,True,0.2735851271887575,-1.4237021643197207,0.24342099432797676,0.567176917736745,-0.007142474171617231,-0.9933158130640453,-0.002272038181667778,-0.014962577039431605
161,True,0.0978890039762749,-1.4237021643197207,0.25520146156078355,0.567176917736745,-0.01362481713172424,-0.9933158130640453,9.004515203400013e-06,-0.012723920861859679
162,True,0.5094399891588006,-1.4237021643197207,0.3477816619952018,0.567176917736745,-0.021765763997146914,-0.9933158130640453,0.0028736859285857837,-0.007073151480991243
163,True,1.9619420019721825,-1.4237021643197207,0.44540753207303707,0.567176917736745,-0.026064019607399777,-0.9933158130640453,0.004386179887851865,0.0048027134395907806
164,True,1.9863181714708071,-1.4237021643197207,0.3361092603521995,0.5033052844933041,-0.021262140567210763,-0.9933158130640453,0.0032276481143288073,-0.007408729996738127
165,True,0.7557331748232328,-0.9933158130640453,0.33673011445061773,0.43932251260097144,-0.01563859480234942,1.016782058243942,0.0019195661681561307,-0.008682806408908884
166,True,1.273042494166558,-0.9933158130640453,0.34961151599610574,0.43932251260097144,-0.016015081943244205,1.311316899949711,0.002072363799214499,-0.00775663632763093
167,True,0.058341481360419,-0.9933158130640453,0.4262739500291174,0.40854799579772566,-0.01581771537635499,1.311316899949711,0.0022588455557131654,-5.428280756977072e-05
168,True,0.0005898800274908,-0.9933158130640453,0.3506622147443435,0.43932251260097144,-0.003374849067839267,1.311316899949711,-0.0023755512624590407,-0.012135679545770679
169,True,0.7493855313518288,-0.9933158130640453,0.4085233573115903,0.4713626010082308,0.00738680078603222,1.311316899949711,-0.006428877293921479,-0.010954665974578635
170,True,0.6588701665648913,-0.9933158130640453,0.3904478392054301,0.43932251260097144,0.002436642693465455,1.311316899949711,-0.004420531128786928,-0.010896845183192758
171,True,0.5526901344896419,-0.9933158130640453,0.41225249948288545,0.43932251260097144,0.004869364923923243,1.311316899949711,-0.005276570883463884,-0.009362382836897169
172,True,2.039966011183913,-0.9933158130640453,0.4069346605094976,0.40854799579772566,-0.0007106849782432146,1.311316899949711,-0.0030570998629560883,-0.00776637209843788
173,True,1.712480509717503,-0.9933158130640453,0.3832952554766667,0.40854799579772566,0.010600828843353755,1.311316899949711,-0.007037457914373537,-0.014204234222086783
174,True,0.9151282931924788,-0.9933158130640453,0.32603294742413413,0.34393215838262603,0.012358136802796996,1.311316899949711,-0.007118460099941203,-0.01826567312954179
175,True,0.0622038574312269,-0.9933158130640453,0.36279208166612237,0.34393215838262603,0.026735956757504065,1.311316899949711,-0.01217780691427141,-0.021078011663400422
176,True,0.023835193273616,-0.9933158130640453,0.425895108891464,0.40854799579772566,0.03308420338439779,1.311316899949711,-0.014949032111154581,-0.01731254867250096
177,True,0.4247245907049764,-0.9933158130640453,0.44345855648037824,0.40854799579772566,0.02248402108495718,1.311316899949711,-0.011218981330372845,-0.011097295981824871
178,True,0.2311376538767842,-0.9933158130640453,0.4539979803091846,0.4155932111636569,0.016745282269442552,1.311316899949711,-0.009258192774135261,-0.007495690592689314
179,True,0.0151217248756424,-0.9933158130640453,0.4872916464166609,0.44636772796690266,0.01182452876020503,1.311316899949711,-0.007782583006682467,-6.599411456099241e-05
180,True,1.9807836136023231,3.0268799295519293,0.5074631980073304,0.44636772796690266,0.0008415036956150536,1.311316899949711,-0.003917815396064948,0.008002118037250011
181,True,2.5011265245960255,3.0268799295519293,0.44136807056505745,0.4155932111636569,0.003098876145852237,-0.40424612965250745,-0.00457456084044537,-0.004764847314691498
182,True,0.4539204344969665,3.0268799295519293,0.4568792697535424,0.4155932111636569,0.026382628282385245,-0.40424612965250745,-0.01276777633269087,-0.010536728715169738
183,True,0.7124210182682267,3.0268799295519293,0.5382303117988383,0.4155932111636569,0.03664411453903165,-0.40424612965250745,-0.01637864487648986,0.0028689281051231044
184,True,0.8613225569696612,3.0268799295519293,0.45804703616629383,0.4155932111636569,0.03253139391285019,-0.40424612965250745,-0.014931437993676643,-0.012508023321640367
185,True,0.5816637009838481,3.0268799295519293,0.4688567888371408,0.4155932111636569,0.03623956423014434,-0.40424612965250745,-0.016236289476091677,-0.01196383827133371
186,True,0.2534821786057117,3.0268799295519293,0.4252891186157336,0.34393215838262603,0.029715299876420975,-0.40424612965250745,-0.013344535586772984,-0.015788361783620895
187,True,1.0142892165961808,3.0268799295519293,0.404433719456287,0.4155932111636569,0.024957911716083435,-0.40424612965250745,-0.012266439186743182,-0.017259793874485837
188,True,0.1659818324009567,3.0268799295519293,0.43155256471691206,0.4155932111636569,0.029197910884532753,-0.40424612965250745,-0.013758433547031015,-0.015354851233248114
189,True,0.2668664871235966,3.0268799295519293,0.4328799323165255,0.4526083973556742,0.035225385839831966,-0.40424612965250745,-0.01618724667106975,-0.01759912248069738
190,True,0.2954929158747771,3.0268799295519293,0.4239067576744707,0.47760327039700234,0.034129674667033844,-0.40424612965250745,-0.01600954831622101,-0.018635236865870857
191,True,0.2277332897563323,3.0268799295519293,0.4057127491421742,0.6311585126652925,0.03002863566377423,-0.40424612965250745,-0.015843473875642496,-0.020692268816337886
192,True,0.3923714008904749,3.0268799295519293,0.3694872299822417,0.7759439305003908,0.021891556384856195,-0.40424612965250745,-0.014184242173991049,-0.022557746554122033
193,True,0.242144010545121,3.0268799295519293,0.3235392240415457,0.7759439305003908,0.01040152329717796,-0.40424612965250745,-0.010141065775773457,-0.02140291708818102
194,True,0.2248383102034188,3.0268799295519293,0.29848908705036553,0.8202438143824744,0.010330517658697939,-0.40424612965250745,-0.010484494039834742,-0.02264841238396814
195,True,0.4888047675194951,-0.40424612965250745,0.25239824739704186,1.0438926417893453,0.005155617816369564,-0.6103269413297835,-0.010537683153063651,-0.02326773124466646
196,True,0.0063574124242737,-0.40424612965250745,0.2374101932394864,1.2451806766414486,0.0067927438422767696,-0.8164077530070596,-0.012801965036801068,-0.025440854381822316
197,True,3.115525776980027,-0.40424612965250745,0.38883542910154967,1.284455980023441,0.008955362801798981,-0.8164077530070596,-0.013889587220664945,-0.020525513723208086
198,True,3.1275119931501703,-0.40424612965250745,0.28777667695227854,1.2451806766414486,0.012265034361569907,-0.8164077530070596,-0.01472758489385117,-0.02714431657039182
199,True,0.1073948316312375,-0.40424612965250745,0.39826201254814153,1.0438926417893453,0.01790406189779339,-0.8164077530070596,-0.015037891794819446,-0.02070759645503521
200,True,1.304223864767418,-0.40424612965250745,0.3437678456837996,1.2311055385577072,0.011074454697925224,-0.8164077530070596,-0.014191583113377992,-0.024387583892680635
201,True,0.2202541287188593,-0.40424612965250745,0.3805202552305497,1.0438926417893453,0.005767864915289394,-0.8164077530070596,-0.010767339671135794,-0.018189866914894902
202,True,1.2256732580034333,-0.40424612965250745,0.376067517538294,1.0438926417893453,-0.0031310524314570516,-0.8164077530070596,-0.007635939412189739,-0.015454849418604099
203,True,0.0386839369247002,-0.40424612965250745,0.394581232045671,0.8319433342485992,-0.007333223550949099,-0.8164077530070596,-0.004394607831913508,-0.010451123683309443
204,True,2.731771074352323,-0.40424612965250745,0.4258499046940751,0.8319433342485992,-0.021105357655561922,-0.8164077530070596,0.0004516068952287551,-0.0019179127578908897
205,True,2.5242197282280987,-0.40424612965250745,0.4620341026768871,0.7900751230558162,-0.014117623295421915,-0.8164077530070596,-0.0016590842861640698,0.0014319173212915329
206,True,0.1080222215593688,-0.40424612965250745,0.504983182887789,0.7759439305003908,-0.009780844194582916,-0.8164077530070596,-0.0030676139118655157,0.008310436044510885
207,True,0.4388150214368388,-0.40424612965250745,0.5336640496109303,0.7759439305003908,-0.021797116068656284,-0.8164077530070596,0.0011607383013165409,0.019248716967925253
208,True,0.7735122578110901,-0.40424612965250745,0.5544349782170476,0.7759439305003908,-0.031136573890572332,-0.8164077530070596,0.004447158379446181,0.02801867031300976
209,True,0.1021788911074601,-0.40424612965250745,0.5363636050646611,0.7900751230558162,-0.03193981606883848,-0.8164077530070596,0.0046122874876244994,0.023382722303604067
210,True,0.0592196708000323,-0.8164077530070596,0.5533070503873486,0.7900751230558162,-0.040841353515769126,-1.0923788196111774,0.007725573012812465,0.030985440330083075
211,True,2.6295582419548738,-0.8164077530070596,0.5467828179922047,0.8319433342485992,-0.037372761680780305,-1.0923788196111774,0.006156834295126381,0.02764557309789952
212,True,2.808357107392746,-0.8164077530070596,0.48173968774405235,0.8319433342485992,-0.027956793455949782,-1.0923788196111774,0.0028434913132138395,0.009483593982949165
213,True,0.4664017732745096,-0.8164077530070596,0.44427006559689475,0.8319433342485992,-0.01704566569329033,-1.0923788196111774,-0.0009959766771116593,-0.0007519926126959495
214,True,1.5025024146948884,-0.8164077530070596,0.46842101468078023,0.8890168630394396,-0.02056572853780664,-1.0923788196111774,-0.00023196194078784445,0.003963542972822275
215,True,0.259640014859954,-0.8164077530070596,0.4821282372547493,0.8319433342485992,-0.023517557605787824,-1.0923788196111774,0.0012813884473183426,0.007995717695751074
216,True,0.8621120255752575,-0.8164077530070596,0.5232659426617917,0.8890168630394396,-0.027521311970002443,-1.0923788196111774,0.002215607231057775,0.017757677919288686
217,True,1.4854050448556535,-0.8164077530070596,0.5657870617987242,0.8588481717127814,-0.034887501505395185,-1.0923788196111774,0.005058556678067415,0.031857065137447786
218,True,2.701765880319829,-0.8164077530070596,0.5741906542445422,0.7900751230558162,-0.037394850124846946,-1.0923788196111774,0.006512798335818976,0.0358074479659879
219,True,1.6647114718246023,-0.8164077530070596,0.48063852318806427,0.7900751230558162,-0.020427927136337,-1.0923788196111774,0.0005423836247347262,0.006973029083604129
220,True,1.264688095279464,-0.8164077530070596,0.40717093601834525,0.7900751230558162,-0.009285865645090409,-1.0923788196111774,-0.0033783466033799033,-0.008060479659272556
221,True,0.7783756031896913,-0.8164077530070596,0.41073478334852925,0.7073698260279617,-0.009396935449086846,-1.0923788196111774,-0.0026514550903133575,-0.006917908855784624
222,True,0.1206506311666285,-0.8164077530070596,0.44622019391124085,0.7190693458940866,-0.010000911588807632,-1.0923788196111774,-0.002536222133916782,-0.0019956032405509805
223,True,2.032448422387465,-0.8164077530070596,0.5522040326640196,0.8544502301110447,-0.011668286000849385,-1.0923788196111774,-0.0030753744079095513,0.019881288942485996
224,True,1.3833132874901928,-0.8164077530070596,0.5157109674766597,0.7190693458940866,-0.009631358724363973,-1.0923788196111774,-0.00266626243998123,0.011107382434191022
225,True,2.236901082507231,-1.3683498862152952,0.5399224705816731,0.6093885577115984,-0.008039735507423635,-0.6648822460154915,-0.002284696801445898,0.017399107704896326
226,True,2.9546304402495345,-1.3683498862152952,0.41669661501978456,0.6093885577115984,0.006449849499885121,0.03858539418431214,-0.007334846349516778,-0.010879182075443632
227,True,0.0121589986129878,-1.3683498862152952,0.4455109283900173,0.6093885577115984,0.028691500229855907,0.03858539418431214,-0.01516136143459982,-0.014729077700969644
228,True,0.146371028135254,-1.3683498862152952,0.36403254271460983,0.6093885577115984,0.018844122753379492,0.03858539418431214,-0.011696211778945153,-0.020501660161138257
229,True,1.236537819111981,-1.3683498862152952,0.32437361473583265,0.6778755791580353,0.013932430778420234,0.03858539418431214,-0.010537421687631289,-0.021761429787844695
230,True,0.2711084824981635,-1.3683498862152952,0.3728462961244276,0.6778755791580353,0.01707311880243946,0.03858539418431214,-0.011642584361748975,-0.01973759849136697
231,True,0.801774642921941,-1.3683498862152952,0.324786619028946,0.6778755791580353,0.011047910323518468,0.03858539418431214,-0.009522400674685594,-0.020727486113180933
232,True,0.4951167916148005,-1.3683498862152952,0.32814610633834873,0.6093885577115984,0.009203339269395198,0.03858539418431214,-0.008303759560111052,-0.01935019866392071
233,True,0.2302399779094743,-1.3683498862152952,0.34084739933158276,0.6778755791580353,0.013153322811044033,0.03858539418431214,-0.010263264866556784,-0.020632581970753086
234,True,0.5824130665569647,-1.3683498862152952,0.2777418932820123,0.6778755791580353,0.005514016743168713,0.03858539418431214,-0.0075751035917631685,-0.02016004543585114
235,True,0.245148646684628,-1.3683498862152952,0.27217694076885085,0.6778755791580353,-1.4005318242743419e-05,0.03858539418431214,-0.005629872611402142,-0.01828036017160537
236,True,0.1360802470781643,-1.3683498862152952,0.44320119171150824,0.7805303807905093,0.008519838849072084,0.03858539418431214,-0.009486523971274466,-0.009403485204731617
237,True,0.1993153649844821,-1.3683498862152952,0.3002743298475653,0.7805303807905093,0.0014712225316648537,0.03858539418431214,-0.007006217873183759,-0.019120459852358232
238,True,1.148131767663785,-1.3683498862152952,0.39691588716267545,0.8743997347156642,0.003980723041009311,0.03858539418431214,-0.008669926850933854,-0.014482521273697105
239,True,0.6363640488662321,-1.3683498862152952,0.26653909607337023,0.7805303807905093,0.0002413503304360876,0.03858539418431214,-0.0065734436401691815,-0.01927066642403318
240,True,2.636496368427469,0.03858539418431214,0.3278990772187987,0.8743997347156642,-0.0009851992845052162,0.1793017803353225,-0.006912783903800147,-0.0179711762011997
241,True,0.9884796291789572,0.03858539418431214,0.4051110722670349,0.8743997347156642,0.022123907792905604,0.1793017803353225,-0.015044544326619837,-0.019961531491547384
242,True,0.9159217005036218,0.03858539418431214,0.46275111660858176,0.8743997347156642,0.030655191072056734,0.1793017803353225,-0.01804657947634996,-0.014833743378465762
243,True,1.0520438648012749,0.03858539418431214,0.4211585658611871,0.7982187104685011,0.028188897361786827,0.1793017803353225,-0.01654517699863492,-0.01952691522632896
244,True,0.0729533518546278,0.03858539418431214,0.3820186331126478,0.7370754391278302,0.026114823973574206,0.1793017803353225,-0.015306850659039322,-0.022592119681652947
245,True,1.1398923884971497,0.03858539418431214,0.30214055561798053,0.7370754391278302,0.01392708563081148,0.1793017803353225,-0.011018161876414833,-0.023078132410108865
246,True,0.0354001926576426,0.03858539418431214,0.33109157065377726,0.7370754391278302,0.015885903083788743,0.1793017803353225,-0.011707441396661604,-0.022607815435676026
247,True,0.0652271807137546,0.03858539418431214,0.26254356428176456,0.7370754391278302,0.0031691360289967507,0.1793017803353225,-0.0072325950646084745,-0.019951175540941682
248,True,1.6855481893383968,0.03858539418431214,0.28816100927309607,0.7370754391278302,-0.005930569227159947,0.1793017803353225,-0.004030540445472147,-0.016439525776416736
249,True,1.821186080758754,0.03858539418431214,0.3272593261128767,0.6891603941454967,-0.0065669491497457435,0.1793017803353225,-0.003408128428593385,-0.014497264092201454
250,True,0.5153532779535883,0.03858539418431214,0.370439189186346,0.6508204770416048,-0.006863607537034132,0.1793017803353225,-0.002984889788333418,-0.011280442633428624
251,True,0.9071258173001484,0.03858539418431214,0.3976718845327224,0.6508204770416048,-0.01361103758971275,0.1793017803353225,-0.0006105667790402491,-0.006343115877789067
252,True,1.45426372512267,0.03858539418431214,0.40895662276626166,0.6237165697080223,-0.016570507975772326,0.1793017803353225,0.0006562340881911299,-0.0038191062783065922
253,True,0.076757888915627,0.03858539418431214,0.40832324340344106,0.5857447449450957,-0.014968477792710481,0.1793017803353225,0.00040829050078278,-0.00414073966680353
254,True,0.5667636257162014,0.03858539418431214,0.4503322960864831,0.5857447449450957,-0.024504630466525165,0.1793017803353225,0.003763924651385398,0.004942786154210531
255,True,1.5971780146344732,0.3200181664863329,0.47311141381541166,0.5749851611911602,-0.030231411435430813,-0.5530519263893843,0.005818058314105906,0.010852500183874462
256,True,1.9874014352416771,0.3200181664863329,0.46408223201957893,0.5749851611911602,-0.02663400329480134,-0.9334436948592888,0.004525942704853335,0.007966405228057444
257,True,0.0922971211981263,0.3200181664863329,0.5090291990109285,0.531190957106801,-0.021453182162334383,-0.9334436948592888,0.003067095409636022,0.01533287717800054
258,True,0.7193871094498385,0.3200181664863329,0.5056426343922619,0.531190957106801,-0.030235804788978072,-0.9334436948592888,0.006157573239206218,0.017679018217899897
259,True,0.8416736521311802,0.3200181664863329,0.5125731430160736,0.48572471198552686,-0.033002793989712995,-0.9334436948592888,0.007509350714085275,0.02056836758110471
260,True,0.4257383528329217,0.3200181664863329,0.5189753434984241,0.48572471198552686,-0.03228825857768745,-0.9334436948592888,0.007257916040960575,0.021787344530400383
261,True,0.5171374560052714,0.3200181664863329,0.5497405221318533,0.531190957106801,-0.03357912359440581,-0.9334436948592888,0.007334038753506485,0.029619065112245664
262,True,1.7234699361667762,0.3200181664863329,0.5660628895491703,0.49977821308705644,-0.03893253332215938,-0.9334436948592888,0.009479066107989004,0.036358045567915345
263,True,0.2949882368273957,0.3200181664863329,0.5267546597598673,0.4323905036879495,-0.036742655725409946,-0.9334436948592888,0.009268900832231699,0.025650600161113903
264,True,0.2502417671314894,0.3200181664863329,0.5719388052961811,0.49977821308705644,-0.037924863734978394,-0.9334436948592888,0.009124481759884652,0.037741213330985464
265,True,2.767446702142391,0.3200181664863329,0.6196374856439582,0.5417661575038746,-0.042629380258711026,-0.9334436948592888,0.010430745874229104,0.05486714339003196
266,True,0.6427072752420548,0.3200181664863329,0.5732167996183888,0.4962999123826004,-0.03127053510454215,-0.9334436948592888,0.006811846621455758,0.03581250157862369
267,True,2.091559017913805,0.3200181664863329,0.5688395384926968,0.4962999123826004,-0.018929285419778855,-0.9334436948592888,0.002469139418684073,0.030163686677797702
268,True,0.2392312144403666,0.3200181664863329,0.5074655341338792,0.4962999123826004,0.0030938520487914225,-0.9334436948592888,-0.005280484011305343,0.006639963227746792
269,True,1.1130980417211522,0.3200181664863329,0.581731304431914,0.5417661575038746,0.0015898901653384988,-0.9334436948592888,-0.005129375594580804,0.026484048661067454
270,True,2.7799305559085417,-1.4261220192651014,0.564630767024586,0.4962999123826004,5.5332475370406584e-05,-0.9334436948592888,-0.004211272936712998,0.022250965377812
271,True,2.291932946201255,-1.4261220192651014,0.4849134465572247,0.4962999123826004,0.015773404934367317,-0.4407653704534763,-0.009708249863277126,-0.0024569632187909293
272,True,0.7547637688058221,-1.4261220192651014,0.47961962065365343,0.4323905036879495,0.022831560148471545,-0.4407653704534763,-0.01166041842257698,-0.005422394654429001
273,True,0.6589336788411548,-1.4261220192651014,0.4751047117823205,0.4323905036879495,0.02379501545150441,-0.4407653704534763,-0.011999444403810875,-0.006601277334722891
274,True,0.1108185601764342,-1.4261220192651014,0.44497757338006333,0.40185440169244413,0.02227218448388002,-0.4407653704534763,-0.01120963276905588,-0.010858477231223289
275,True,1.1656250630239064,-1.4261220192651014,0.42548377902038803,0.4323905036879495,0.020122144345174366,-0.4407653704534763,-0.010707014203001968,-0.013125081771237373
276,True,0.0733482029430587,-1.4261220192651014,0.4351779978850505,0.40185440169244413,0.020963727923701297,-0.4407653704534763,-0.010749205837136871,-0.011837455169402898
277,True,0.6047258641739898,-1.4261220192651014,0.4041085159818252,0.4323905036879495,0.017603980971315502,-0.4407653704534763,-0.009820908946180686,-0.014850777474580825
278,True,0.2216808115518442,-1.4261220192651014,0.38558736088151785,0.40185440169244413,0.015310823125739916,-0.4407653704534763,-0.008760030428669283,-0.015710468730613467
279,True,0.0283890498814187,-1.4261220192651014,0.3720572351253041,0.4323905036879495,0.013816685967038349,-0.4407653704534763,-0.00848821463124421,-0.01664950944660017
280,True,0.3007685046840531,-1.4261220192651014,0.32805207774175543,0.4962999123826004,0.009520036548522647,-0.4407653704534763,-0.0075077800061345125,-0.018558774346179023
281,True,0.4543119679657823,-1.4261220192651014,0.3080554428290622,0.5417661575038746,0.0067498423888830775,-0.4407653704534763,-0.006911102772099136,-0.018783080114453676
282,True,0.5452444582083306,-1.4261220192651014,0.2955823285836474,0.5417661575038746,0.004046685810057148,-0.4407653704534763,-0.0059599010830529925,-0.0182000507562941
283,True,0.2286413701714216,-1.4261220192651014,0.2922292990205345,0.49285357958411985,0.0006805181531553904,-0.4407653704534763,-0.004368620408185014,-0.016689609534647428
284,True,0.3057694713872818,-1.4261220192651014,0.287428275358244,0.49285357958411985,-0.005630816602210784,-0.4407653704534763,-0.002147753024303245,-0.01457142278263259
285,True,0.6315417362919736,-0.4407653704534763,0.3218526088573619,0.49285357958411985,-0.010340346985994932,0.4616075454310506,-0.0004282910036112063,-0.011765064805878056
286,True,0.3932397639747716,-0.4407653704534763,0.3131053176745269,0.49285357958411985,-0.0078244359670788,1.2029043655378477,-0.001262468430474406,-0.012954445389100538
287,True,0.1447649603752534,-0.4407653704534763,0.2713009372909728,0.5600344157229387,0.00010385127310232235,1.2029043655378477,-0.004611018530498437,-0.017270056566971247
288,True,0.4104690394101167,-0.4407653704534763,0.32676601185294296,0.5600344157229387,-0.007312075133952133,1.2029043655378477,-0.0020014613263442107,-0.013114093957645966
289,True,0.7980805625534723,-0.4407653704534763,0.36528427958209087,0.5600344157229387,-0.013241728147060011,1.2029043655378477,8.50977748587009e-05,-0.008623433417895673
290,True,0.9288575684805987,-0.4407653704534763,0.37632384370126,0.49285357958411985,-0.016969265006638316,1.2029043655378477,0.0019554645951608725,-0.005841092064571441
291,True,0.2361585256133333,-0.4407653704534763,0.3764485693004781,0.40229409572489955,-0.01831839163675952,1.2029043655378477,0.0031833286975453904,-0.004602330596584856
292,True,0.0964623800219708,-0.4407653704534763,0.4350150521128602,0.40229409572489955,-0.024781680481499042,1.2029043655378477,0.0054576665269061905,0.004346297338008537
293,True,0.9885793719817048,-0.4407653704534763,0.5070324147925597,0.49285357958411985,-0.024836891874808757,1.2029043655378477,0.004723968656083219,0.016549264298904305
294,True,0.5382878567994185,-0.4407653704534763,0.5053636475369997,0.49285357958411985,-0.01927630571493343,1.2029043655378477,0.0027672788406314956,0.014227997896245653
295,True,0.3571688890809779,-0.4407653704534763,0.5187535056472602,0.51460013850764,-0.009358598452706448,1.2029043655378477,-0.0009034712280199638,0.01357419640129777
296,True,2.61448871572958,-0.4407653704534763,0.6674976178636222,0.51460013850764,-0.015005047514019581,1.2029043655378477,0.001083432500126938,0.06463607337098244
297,True,2.7023936966386564,-0.4407653704534763,0.5334963882756868,0.3933187074436504,-0.006251486833219781,1.2029043655378477,-0.0009881978822438256,0.017057689490219297
298,True,1.0778943751828625,-0.4407653704534763,0.26361789399126645,0.31980320063286694,0.0052610934958711745,1.2029043655378477,-0.004427926346418475,-0.017141713001813157
299,True,0.1968573588206202,-0.4407653704534763,0.31444746821934777,0.31980320063286694,0.01080072102351655,1.2029043655378477,-0.006377241122431719,-0.018018316199002737
300,True,1.0260395386132948,1.3639804613155775,0.26359732821958837,0.35197369383471044,0.006750324410238597,1.2029043655378477,-0.0052195068067236354,-0.017933391757874884
301,True,0.0844469817354596,1.3639804613155775,0.5169679030247007,0.35197369383471044,0.02078007028600092,1.0418282697601178,-0.010167482549208547,0.003895680580287192
302,True,0.6307089289789443,1.3639804613155775,0.656169567592798,0.4060742887598812,0.03040812899417021,1.0418282697601178,-0.014005377540622838,0.044715878546875684
303,True,0.3392181125184796,1.3639804613155775,0.4683266689338886,0.35197369383471044,0.025334875361766235,1.0418282697601178,-0.011770252553462493,-0.007591379810777364
304,True,0.8058675029305739,1.3639804613155775,0.4178838368182462,0.4060742887598812,0.023232073099657795,1.0418282697601178,-0.01148022729922822,-0.014876731015635143
305,True,0.1899518100408193,1.3639804613155775,0.538059802140103,0.4060742887598812,0.03946960123256044,1.0418282697601178,-0.017193978513987525,0.0020098335749322363
306,True,0.6390640659059018,1.3639804613155775,0.6044574988684122,0.51460013850764,0.04788488946620196,1.0418282697601178,-0.021057737550719116,0.01800592543687682
307,True,0.2753758680741334,1.3639804613155775,0.6079229242935555,0.51460013850764,0.05203311846393181,1.0418282697601178,-0.022517439315721803,0.01774439280429932
308,True,0.7859722345081166,1.3639804613155775,0.6116758830106103,0.589451343367481,0.0529830000243893,1.0418282697601178,-0.023474179031440452,0.018104084562602457
309,True,0.5971217120885031,1.3639804613155775,0.5630846622488598,0.5267811135699227,0.04865801096816764,1.0418282697601178,-0.0214310892880946,0.004584214400345801
310,True,0.5817809746464588,1.3639804613155775,0.49649645206320814,0.4596002774311039,0.041077863235537956,1.0418282697601178,-0.01820504444366714,-0.00862777834401008
311,True,0.4474193023688212,1.3639804613155775,0.4404679403921049,0.4060742887598812,0.03346836619736583,1.0418282697601178,-0.01508223073490795,-0.015405486561321367
312,True,0.2469735325528294,1.3639804613155775,0.43325096262156687,0.41825526382216394,0.0294661040666642,1.0418282697601178,-0.01377519406533094,-0.015135174193500286
313,True,0.1083400073885406,1.3639804613155775,0.4104416353082864,0.6118969019819753,0.029227878048584465,1.0418282697601178,-0.015301760830224087,-0.01960285595584818
314,True,0.2658757586645329,1.3639804613155775,0.4026905618299325,0.7758802976129133,0.028337602764325332,1.0418282697601178,-0.01635223204412284,-0.02154016651950118
315,True,1.0348285678937332,1.0418282697601178,0.3526053553866837,0.7758802976129133,0.01753406862021377,0.46507462464596044,-0.012590409627950253,-0.022220831482215812
316,True,2.1562963582255583,1.0418282697601178,0.4476118824885298,0.7758802976129133,0.02913946112303527,0.16661311876314094,-0.016694767453196844,-0.01594008454305034
317,True,0.1651443498035829,1.0418282697601178,0.5724197709034665,0.7758802976129133,0.049149885197422735,0.16661311876314094,-0.02373614616103109,0.005024821567906859
318,True,0.1128937027196434,1.0418282697601178,0.44422638677956305,0.7758802976129133,0.040235211983863754,0.16661311876314094,-0.020599201640519923,-0.020361817243549185
319,True,0.0193559171779355,1.0418282697601178,0.3739000278353625,0.8600022272964036,0.03254147343661909,0.16661311876314094,-0.01859147525785077,-0.02659714786085425
320,True,0.1945082450026827,1.0418282697601178,0.3055637663667646,0.9231955333461704,0.02307838809704448,0.16661311876314094,-0.015787091210639953,-0.02774124096162358
321,True,0.0916397114585458,1.0418282697601178,0.2643774311852159,0.9814098263944707,0.01617203585144055,0.16661311876314094,-0.013840977244088459,-0.026550954729616712
322,True,1.2242552641895694,1.0418282697601178,0.2505183590575117,1.1172089741907598,0.011306819428320231,0.16661311876314094,-0.01325833361655595,-0.025983906416387554
323,True,1.2188404027809563,1.0418282697601178,0.21203929950326839,0.9814098263944707,0.004703218758219386,0.16661311876314094,-0.009805266447353383,-0.02201573551529321
324,True,2.3914203471713025,1.0418282697601178,0.23988857725038562,0.9231955333461704,-0.001083444746111611,0.16661311876314094,-0.007284891822381493,-0.019947484055922282
325,True,0.3003882887472542,1.0418282697601178,0.29806302005844576,0.9231955333461704,0.008130684587806277,0.16661311876314094,-0.01052721061891936,-0.02270266246152971
326,True,0.1154768392308245,1.0418282697601178,0.25602524462568743,0.9814098263944707,0.0027834529277419,0.16661311876314094,-0.009129728628039792,-0.021862629293726912
327,True,0.2768118446753024,1.0418282697601178,0.24602954060692128,0.9814098263944707,-0.010710016280030842,0.16661311876314094,-0.004381572046189018,-0.017088292050021946
328,True,0.9202564108375448,1.0418282697601178,0.23544394908989963,1.1172089741907598,-0.006971303658969572,0.16661311876314094,-0.006826526562014269,-0.01944423521614482
329,True,0.3647292751509412,1.0418282697601178,0.27265814238279257,1.2583984753808455,0.0006186596757245395,0.16661311876314094,-0.010671508642091248,-0.023317095996234966
330,True,2.2923615767827963,-0.11167902046819692,0.31006559850180576,1.2583984753808455,-0.013889192207405266,0.16661311876314094,-0.005566405473536323,-0.017368902116253512
331,True,2.703962594755941,-0.11167902046819692,0.26158310356709374,1.1172089741907598,-0.015111660828124927,0.16661311876314094,-0.003962052654216241,-0.01668433163952487
332,True,0.0219802461564954,-0.11167902046819692,0.2886070246368158,0.9814098263944707,-0.011643673060633878,0.16661311876314094,-0.004053031733853607,-0.016452905351300375
333,True,0.7520125514705641,-0.11167902046819692,0.31990432638334737,0.9814098263944707,-0.027420610476368276,0.16661311876314094,0.0014986442716628467,-0.009922068312969842
334,True,3.1244002377017384,-0.11167902046819692,0.35090753672727726,0.9814098263944707,-0.03709342760555876,0.16661311876314094,0.004902368666761214,-0.0048415516231634925
335,True,2.7302444998378053,-0.11167902046819692,0.4278385234688387,0.8629413498050292,-0.02945306877280438,0.16661311876314094,0.003199064344610879,0.0010955183700091103
336,True,1.7639574026775824,-0.11167902046819692,0.4901476773569027,0.7754592190713803,-0.02343099000076043,0.16661311876314094,0.0018075155174506392,0.010091234107079988
337,True,1.7345625432220255,-0.11167902046819692,0.5160857781583758,0.6114758234404424,-0.022792188694808754,0.16661311876314094,0.0029464767858252985,0.016806258960788932
338,True,0.4717812524933866,-0.11167902046819692,0.5431341221401816,0.4328081855039075,-0.022532142357544468,0.16661311876314094,0.004340836005171508,0.024862330368435277
339,True,0.1474380104425116,-0.11167902046819692,0.5614376235313866,0.38891829900282726,-0.03176380480418177,0.16661311876314094,0.007954328882328098,0.033496909281132844
340,True,0.1282749183389954,-0.11167902046819692,0.5748514899880293,0.38891829900282726,-0.04148843215510482,0.16661311876314094,0.011376284544829878,0.04087114195540031
341,True,0.7997480437552624,-0.11167902046819692,0.5860010492526107,0.4000558242585974,-0.05058291572391644,0.16661311876314094,0.014483877973084957,0.04744376738976283
342,True,1.6217417911105738,-0.11167902046819692,0.6000703453153492,0.38891829900282726,-0.057283925052685085,0.16661311876314094,0.01693448995593501,0.05450511289086249
343,True,1.7636802168254724,-0.11167902046819692,0.6191885723962348,0.37658598672693194,-0.057999788290968246,0.16661311876314094,0.017288951914677136,0.06156181372611605
344,True,0.1728862014558661,-0.11167902046819692,0.6081297066861279,0.37658598672693194,-0.05037157854227057,0.16661311876314094,0.014604695274053309,0.054938549587227825
345,True,2.817872721367645,0.44490525799447883,0.7053724947225481,0.38891829900282726,-0.053626130362238955,-0.12359993199541511,0.01562734579496174,0.0967757821665622
346,True,3.044810780707309,0.44490525799447883,0.6239665933011819,0.38891829900282726,-0.03917788043262295,-0.692105121985309,0.01050399974012454,0.056532155195938634
347,True,0.7511703943874981,0.44490525799447883,0.5566494172239586,0.38891829900282726,-0.020962783417488792,-0.692105121985309,0.004094370648471872,0.02828242721898211
348,True,1.0366849969341454,0.44490525799447883,0.6182439816697543,0.38891829900282726,-0.010918162566489927,-0.692105121985309,0.0005598139031692919,0.04448950082333607
349,True,0.926134655854796,0.44490525799447883,0.6577370705783117,0.38891829900282726,-6.526177914353493e-05,-0.692105121985309,-0.003259164857009616,0.05611906442533545
350,True,1.1977329514473745,0.44490525799447883,0.5799448911501588,0.37658598672693194,-0.0035475485952444165,-0.692105121985309,-0.0019312384676645788,0.029126051793081538
351,True,1.6932598298894916,0.44490525799447883,0.5379905896264013,0.37658598672693194,-0.0026080940726804927,-0.692105121985309,-0.002261818921510492,0.016924240158706305
352,True,0.3235398613385511,0.44490525799447883,0.4896081309523935,0.3661583459660875,0.00044846084665076943,-0.692105121985309,-0.0032506562791696806,0.004925223760557415
353,True,0.3938351185144284,0.44490525799447883,0.4791201805866192,0.37658598672693194,-0.002798652490997506,-0.692105121985309,-0.002194764171228941,0.0039492576810850055
354,True,1.4086135655246,0.44490525799447883,0.4286254349178492,0.3661583459660875,-0.009894956006501332,-0.692105121985309,0.00038904245611404744,-0.0016081874703066969
355,True,1.3190639993143167,0.44490525799447883,0.42392484286156185,0.3661583459660875,-0.004860298792127998,-0.692105121985309,-0.0013825805729005272,-0.0040059018304233855
356,True,0.3243146399761907,0.44490525799447883,0.3843951348003777,0.363114350884101,-0.004764895161272215,-0.692105121985309,-0.001390836748032407,-0.008454378908916111
357,True,2.837243872849322,0.44490525799447883,0.4864258476064482,0.363114350884101,-0.011697019259834785,-0.692105121985309,0.001048477423732707,0.008594941552141272
358,True,2.9229491991630514,0.44490525799447883,0.3696766401587499,0.363114350884101,0.0009161179070577666,-0.692105121985309,-0.003389903050153809,-0.01174795863639264
359,True,0.2297439363636446,0.44490525799447883,0.46203711664172176,0.3563713180773816,0.013377472445240181,-0.692105121985309,-0.007718795873241333,-0.004627283273380342
360,True,0.2190965479626618,-0.692105121985309,0.4334890396115397,0.363114350884101,0.010855911713324303,-0.8567393194043538,-0.006898929276244012,-0.008225537901003912
361,True,0.3631461979695372,-0.692105121985309,0.41476070495531586,0.3661583459660875,0.008971869788470888,-0.8567393194043538,-0.006261277164646582,-0.0100437898748914
362,True,0.0856938295009728,-0.692105121985309,0.45596815166454685,0.37658598672693194,0.01662165498061793,-0.8567393194043538,-0.009039845985864325,-0.00695789712953012
363,True,0.2558471532929626,-0.692105121985309,0.44820724823615754,0.39513900474699626,0.01572222916278842,-0.8567393194043538,-0.008877644772786839,-0.008030779488992196
364,True,0.3691704939626378,-0.692105121985309,0.3877881714241071,0.39513900474699626,0.009232554650729245,-0.8567393194043538,-0.0065940222088613975,-0.013332376826477334
365,True,0.3496601323560984,-0.692105121985309,0.3661456184832122,0.40836362901359774,0.006364213266502304,-0.8567393194043538,-0.005694675214132581,-0.014335755741107264
366,True,0.3840014794912261,-0.692105121985309,0.3427650332590241,0.44951393897030223,0.003231287436718775,-0.8567393194043538,-0.0049344650500632815,-0.015190732144044991
367,True,0.2615471764739744,-0.692105121985309,0.3243296164173398,0.49017657626680206,0.0004900064578934296,-0.8567393194043538,-0.004308013377340048,-0.015534029887064798
368,True,0.0386147039034251,-0.692105121985309,0.3148982470050626,0.4957519401549805,0.0002019608829096256,-0.8567393194043538,-0.004253021082970749,-0.015876709564990477
369,True,0.2790433301666261,-0.692105121985309,0.3272331303291121,0.4957519401549805,-0.008243843508505828,-0.8567393194043538,-0.0012810647170701833,-0.012371452687457405
370,True,0.4062765300027665,-0.692105121985309,0.36396944677756726,0.4957519401549805,-0.013594008289977038,-0.8567393194043538,0.0006015808598356744,-0.008208718203823857
371,True,0.0786559453274695,-0.692105121985309,0.3983132308180516,0.5109403737869099,-0.016360006972681636,-0.8567393194043538,0.0014485831779981477,-0.004215652137478057
372,True,0.0779401284951259,-0.692105121985309,0.47639882954657103,0.5417085425549506,-0.01944842917977448,-0.8567393194043538,0.0022794748641921246,0.007916096595402322
373,True,1.1130750786360282,-0.692105121985309,0.5552797795337162,0.5417085425549506,-0.026522501525222182,-0.8567393194043538,0.0047687385702357594,0.028574724860425296
374,True,1.081881663081716,-0.692105121985309,0.5290506533404943,0.5109403737869099,-0.02738921542787273,-0.8567393194043538,0.0053296020555566054,0.022271877082343614
375,True,1.0611058930944195,-1.0213735168233986,0.5080811960913812,0.4957519401549805,-0.027249646001814648,0.09821512465037763,0.005472675727789666,0.017528752172840167
376,True,1.2812218983815915,-1.0213735168233986,0.5067499590387267,0.4957519401549805,-0.017087822091678518,0.6845561389075492,0.001937323202806031,0.013700683674302896
377,True,2.344993755397958,-1.0213735168233986,0.49716591721726794,0.4957519401549805,-0.005910149193501748,0.6845561389075492,-0.0019959381641581316,0.00772038900202069
378,True,2.27499073322406,-1.0213735168233986,0.3302456324797919,0.49017657626680206,0.0012301479167042472,0.6845561389075492,-0.004462138630901709,-0.015405132911067628
379,True,0.2566115528290315,-1.0213735168233986,0.23893290904045927,0.44951393897030223,0.008567196678758167,0.6845561389075492,-0.006705774491959885,-0.0193596244075075
380,True,0.6054782406868532,-1.0213735168233986,0.22944061640452543,0.49017657626680206,0.007194922341184674,0.6845561389075492,-0.006561056448607,-0.019101280131603848
381,True,0.3630825037986648,-1.0213735168233986,0.22772569506645532,0.44951393897030223,0.00403612275498819,0.6845561389075492,-0.0051113551367352236,-0.017625947613841956
382,True,0.7584609713081286,-1.0213735168233986,0.21438463343073563,0.49017657626680206,0.004915721243194391,0.6845561389075492,-0.005759038559200902,-0.018022785258673794
383,True,0.1166878471021379,-1.0213735168233986,0.24106074618490717,0.44951393897030223,0.002876103489441314,0.6845561389075492,-0.0047031611411090055,-0.017375791353902534
384,True,0.893109987814481,-1.0213735168233986,0.2105808296821409,0.49017657626680206,-0.00046195425736458466,0.6845561389075492,-0.0038667123582911906,-0.016042702255753584
385,True,0.1876991098554165,-1.0213735168233986,0.26299447795111364,0.44951393897030223,-0.0009728125515920133,0.6845561389075492,-0.003348783274911616,-0.01606543632088782
386,True,0.0837599104357134,-1.0213735168233986,0.2435254017159859,0.44951393897030223,-0.00523585119698728,0.6845561389075492,-0.0018486816560367722,-0.01453994126141853
387,True,0.410450728024429,-1.0213735168233986,0.21052768846532557,0.44951393897030223,-0.010229044300395044,0.6845561389075492,-9.164924774102397e-05,-0.012266363453129881
388,True,0.1279433376303783,-1.0213735168233986,0.2200017662154909,0.3992428511528813,-0.014158379376267429,0.6845561389075492,0.0017090997613421065,-0.010671220338197184
389,True,0.4917760026174286,-1.0213735168233986,0.1848637461482224,0.4295565629871466,-0.018088621176502322,0.6845561389075492,0.002839995013303636,-0.008566089936640483
390,True,0.6200442857444559,1.2178037661241539,0.20531216494730814,0.35203975438422985,-0.01985627199105143,0.6845561389075492,0.004106664038231896,-0.007936282279406308
391,True,1.9714549483743704,1.2178037661241539,0.2498143037416875,0.35203975438422985,-0.019293943285014926,0.35823593763731015,0.003886278869268535,-0.008837095522195634
392,True,1.0538321012533542,1.2178037661241539,0.3451799480900739,0.35203975438422985,-0.007557099098330672,0.35823593763731015,-0.00024374678366438236,-0.010353542076521886
393,True,0.0722236745426908,1.2178037661241539,0.31865189179211434,0.3217260425499645,-0.005076471207759381,0.35823593763731015,-0.0008645438747803079,-0.012337747215161213
394,True,0.4997278776925323,1.2178037661241539,0.36366056727409773,0.3217260425499645,-0.010069445900867651,0.35823593763731015,0.0008924116780911524,-0.007941585543823702
395,True,0.4885771499161755,1.2178037661241539,0.36900936393271544,0.3082527870997329,-0.01222935529191475,0.35823593763731015,0.0017645010874809068,-0.0066478445276731135
396,True,0.5221528698812875,1.2178037661241539,0.3761638597495733,0.3082527870997329,-0.011962866578208721,0.35823593763731015,0.0016707275648612863,-0.006139787394555483
397,True,1.0428314669358607,1.2178037661241539,0.3814229929971133,0.3082527870997329,-0.012148256882570879,0.35823593763731015,0.0017359637306177866,-0.0056041032535603455
398,True,0.0705676514445003,1.2178037661241539,0.33673870685609797,0.3082527870997329,-0.004822150512441807,0.35823593763731015,-0.0008419871021176155,-0.01144388697169795
399,True,0.2955855317073384,1.2178037661241539,0.39751921411100605,0.3217260425499645,-0.007283707329808785,0.35823593763731015,-8.78494191713226e-05,-0.005836605209794669
400,True,0.5612642152286136,1.2178037661241539,0.4317224666009511,0.3217260425499645,-0.010460842232478059,0.35823593763731015,0.0010301383842059666,-0.0005427553281840171
401,True,0.8721924825824323,1.2178037661241539,0.43670530832464094,0.3217260425499645,-0.002335060470471457,0.35823593763731015,-0.0018292066487029673,-0.002699463906853522
402,True,0.309908552389587,1.2178037661241539,0.5924535585209356,0.3217260425499645,0.00986810111905607,0.35823593763731015,-0.006123322648710336,0.02891781698730931
403,True,0.1815233659686961,1.2178037661241539,0.5985829547050685,0.35203975438422985,0.011895366495162749,0.35823593763731015,-0.007088787974981348,0.029981654249948475
404,True,0.3065970218098788,1.2178037661241539,0.507154635818184,0.35203975438422985,0.006033767060842504,0.35823593763731015,-0.005026175943509983,0.006825948271740906
405,True,1.8287871422579247,0.15130851169094459,0.6173683151393276,0.3738868435513145,0.007715409738208692,0.35823593763731015,-0.005799610095999027,0.037813070125012546
406,True,1.803890850384386,0.15130851169094459,0.5744443016187857,0.3738868435513145,0.02087729188594811,0.35823593763731015,-0.010431085989043186,0.018940341131273283
407,True,0.0770083045074748,0.15130851169094459,0.6748655833018142,0.3738868435513145,0.03509349305852687,0.35823593763731015,-0.015433561492349005,0.05136650485658718
408,True,0.0259228376339002,0.15130851169094459,0.6360247501137362,0.41065706165367916,0.030977375752653684,0.35823593763731015,-0.01429095401913414,0.036312499827807314
409,True,0.6784473710214968,0.15130851169094459,0.5834911250044883,0.41065706165367916,0.025281362421703188,0.35823593763731015,-0.012286609341630218,0.019878824402001324
410,True,0.0577016234432939,0.15130851169094459,0.5338576399733145,0.3738868435513145,0.023880518239367553,0.35823593763731015,-0.011487877890162437,0.0066487442469080615
411,True,0.904988311494563,0.15130851169094459,0.5718112629438751,0.41065706165367916,0.028117813075090342,0.35823593763731015,-0.013284715286928341,0.015293818575211893
412,True,0.0672366602873717,0.15130851169094459,0.607493855919204,0.41065706165367916,0.0392082788691573,0.35823593763731015,-0.017187289735725853,0.022925287868008765
413,True,0.5043411588932949,0.15130851169094459,0.5563630938294004,0.41065706165367916,0.032081991767178755,0.35823593763731015,-0.014679652412336364,0.009428334813341002
414,True,0.1393232899567398,0.15130851169094459,0.5297444609292767,0.41065706165367916,0.029577218356415993,0.35823593763731015,-0.013798258889793833,0.003314666439598983
415,True,0.2598099500435009,0.15130851169094459,0.498344366497462,0.4242920744351361,0.024233250256184235,0.35823593763731015,-0.012031187614460127,-0.002068834086996943
416,True,0.2627165905131841,0.15130851169094459,0.3931859656274325,0.4242920744351361,0.01924676988821667,0.35823593763731015,-0.010276517320641524,-0.01647645698372218
417,True,0.0907352059847792,0.15130851169094459,0.40532086664473616,0.4242920744351361,0.014046142470248133,0.35823593763731015,-0.008446491778347583,-0.013339739624410967
418,True,0.3705359760581178,0.15130851169094459,0.4297043679172292,0.4242920744351361,0.007266388952161472,0.35823593763731015,-0.006060794609254425,-0.00791126718429867
419,True,0.333543532710342,0.15130851169094459,0.39202918276868026,0.45084518793032446,0.006237637778398935,0.35823593763731015,-0.005919617409734929,-0.01223713792315391
420,False,0.5466634026510434,0.5651633635836757,,,,,,
421,False,0.8290411536095761,0.5651633635836757,,,,,,
422,False,0.2964476508576497,0.5651633635836757,,,,,,
423,False,0.1351113996024612,0.5651633635836757,,,,,,
424,False,0.1215863542658892,0.5651633635836757,,,,,,
425,False,0.4835190782341338,0.5651633635836757,,,,,,
426,False,0.3772377110445112,0.5651633635836757,,,,,,
427,False,0.9749380808883996,0.5651633635836757,,,,,,
428,False,0.4924844767622788,0.5651633635836757,,,,,,
429,False,0.17013123086758,0.5651633635836757,,,,,,
430,False,1.6294299417944436,0.5651633635836757,,,,,,
431,False,2.0027188207554723,0.5651633635836757,,,,,,
432,False,1.104484373617458,0.5651633635836757,,,,,,
433,False,0.0737479977082966,0.5651633635836757,,,,,,
434,False,1.1018183157921948,0.5651633635836757,,,,,,
435,False,1.3089295321164327,-1.0210941224674626,,,,,,
436,False,1.463110009511244,-1.0210941224674626,,,,,,
437,False,0.4440764122628471,-1.0210941224674626,,,,,,
438,False,0.2791161728100549,-1.0210941224674626,,,,,,
439,False,0.2648027748224912,-1.0210941224674626,,,,,,
440,False,1.7737429082258995,-1.0210941224674626,,,,,,
441,False,2.0486118288373816,-1.0210941224674626,,,,,,
442,False,0.1994133445057936,-1.0210941224674626,,,,,,
443,False,0.4576139635978019,-1.0210941224674626,,,,,,
444,False,0.4045077366074251,-1.0210941224674626,,,,,,
445,False,0.3494108327156761,-1.0210941224674626,,,,,,
446,False,0.3192903127511878,-1.0210941224674626,,,,,,
447,False,0.2622695729175872,-1.0210941224674626,,,,,,
448,False,0.8664075177220372,-1.0210941224674626,,,,,,
449,False,0.2625565215467224,-1.0210941224674626,,,,,,
